Track,Engine,FinishTime,TopSpeedReached,TimeTo30,TimeTo60,CheckPoint1,CheckPoint2,CheckPoint3,CheckPoint2_66
ComplexTrack,Gauss,28.24,67.27,4.66,12.59,10.76,20.19,24.54,0
OvalTrack,Gauss,23.23,78.27,4.68,11.36,9.75,14.94,20.85,1
ComplexTrack,Gauss,30.57,68.47,4.65,12.39,11,20.95,26.61,0
ComplexTrack,Gauss,26.77,74.97,4.68,12.33,10.55,19.18,23.2,0
ComplexTrack,Nightingale,28.25,72.9,5.48,16.37,11.64,20.74,24.33,0
OvalTrack,Bayes,24.08,69.21,4.32,13.6,9.75,15.67,22.02,1
OvalTrack,Nightingale,23.98,76.37,5.45,14.5,6.98,10.26,12.9,1
ComplexTrack,Gauss,28.3,74.87,4.67,16.65,11.82,20.84,24.36,0
StraightTrack,Bayes,17.26,66.11,4.26,13.5,7.45,11.31,14.66,1
StraightTrack,Nightingale,18.46,68.64,5.42,15.08,8.32,12.52,15.91,0
StraightTrack,Bayes,17.26,66.26,4.25,13.47,7.48,11.36,14.68,1
OvalTrack,Gauss,28.97,71.35,3.81,8.79,8.82,18.34,26.75,1
StraightTrack,Nightingale,19.49,68.5,6.91,15.88,9.44,13.61,16.94,0
ComplexTrack,Gauss,26.7,78.36,4.64,15.66,10.81,19.92,23.29,0
OvalTrack,Nightingale,25.64,74.88,6.86,16.47,12,18.1,23.72,0
StraightTrack,Bayes,17.47,66.31,4.53,13.65,7.73,11.59,14.89,0
ComplexTrack,Nightingale,30.15,70.68,5.49,21.67,11.7,22.49,26.36,0
ComplexTrack,Bayes,27.93,67.37,4.26,15.33,10.74,20.21,24.11,0
OvalTrack,Nightingale,26.1,70.46,5.48,14.59,10.63,16.56,22.94,1
ComplexTrack,Nightingale,27.45,76.02,5.47,15.7,11.6,20.43,24.03,0
StraightTrack,Bayes,18.25,65.85,5.13,14.55,8.35,12.33,15.65,0
OvalTrack,Bayes,31.03,66.45,4.24,13.58,9.67,15.81,22.42,1
OvalTrack,Bayes,23.66,70.16,4.25,13.53,9.94,15.81,21.68,0
StraightTrack,Bayes,17.5,64.9,4.54,13.67,7.73,11.61,14.9,0
StraightTrack,Gauss,27.66,66.84,4.04,9.56,7.4,20.07,24.86,0
ComplexTrack,Gauss,27.16,75.09,4.68,12.83,10.81,19.58,23.46,0
OvalTrack,Gauss,26.68,70.37,3.76,13.26,9.25,15.29,24.11,1
StraightTrack,Nightingale,18.28,68.54,5.49,14.57,8.35,12.39,15.74,0
OvalTrack,Gauss,28.07,78.04,4.68,11.4,10.28,15.53,24.82,1
ComplexTrack,Nightingale,27.07,72.86,5.48,16.08,11.54,20.17,23.76,0
StraightTrack,Bayes,18.02,66.28,5.11,14.22,8.31,12.11,15.45,0
StraightTrack,Gauss,17.7,78.31,5.72,12.33,8.84,12.5,15.48,0
StraightTrack,Bayes,17.28,66.22,4.3,13.44,7.52,11.37,14.69,1
OvalTrack,Nightingale,24.36,71.79,5.39,14.52,6.96,10.26,12.93,1
StraightTrack,Nightingale,18.17,67.41,5.43,14.36,8.29,12.3,15.63,0
OvalTrack,Nightingale,24.58,76.9,5.42,14.6,10.85,16.97,22.74,0
ComplexTrack,Bayes,28.54,67.99,4.26,15.17,10.72,19.66,23.58,0
OvalTrack,Bayes,23.26,69.92,4.25,13.61,9.66,15.52,22.76,0
ComplexTrack,Bayes,28.89,68.71,4.71,17.64,11.24,21.34,25.49,0
StraightTrack,Nightingale,18.12,69.34,5.55,14.31,8.29,12.31,15.59,0
StraightTrack,Gauss,27.94,77.14,8.12,21.29,19.54,22.84,25.62,0
OvalTrack,Bayes,24.38,69.89,4.56,13.93,10.56,16.48,22.3,0
StraightTrack,Gauss,18.58,73.6,6.99,13.49,9.35,13.18,16.24,0
ComplexTrack,Gauss,28.48,76.76,4.68,12.07,11.03,19.57,24.79,0
ComplexTrack,Gauss,27.37,74.58,4.73,12.19,11.12,19.62,23.92,0
ComplexTrack,Nightingale,26.9,74.29,5.46,15.89,11.41,20.31,23.74,0
ComplexTrack,Nightingale,30.59,66.11,5.51,21.25,12.11,22.32,26.37,0
StraightTrack,Nightingale,18.11,69.4,5.41,14.29,8.28,12.29,15.61,0
ComplexTrack,Gauss,25.62,78.14,3.77,9.17,9.63,18.17,22.14,0
OvalTrack,Bayes,24.76,67.15,4.26,13.63,9.78,15.89,22.62,1
ComplexTrack,Nightingale,27.27,74.97,5.45,16,11.62,20.57,24.06,0
StraightTrack,Nightingale,18.11,69.4,5.43,14.29,8.27,12.29,15.61,0
ComplexTrack,Gauss,28.9,70.68,4.68,18.83,10.82,20.78,24.65,0
OvalTrack,Nightingale,23.54,75.59,5.46,14.55,10.36,16.15,21.66,0
StraightTrack,Bayes,18.44,65.01,4.3,15.79,7.98,12.31,15.76,0
ComplexTrack,Gauss,27.61,77.03,4.66,12.05,11.05,20.35,24.2,0
StraightTrack,Bayes,17.25,66.32,4.27,13.41,7.48,11.36,14.66,1
StraightTrack,Bayes,17.31,66.2,4.33,13.48,7.55,11.42,14.74,1
ComplexTrack,Nightingale,28.93,67.28,5.47,16.5,11.43,20.47,24.29,0
ComplexTrack,Gauss,27.92,74.36,4.72,12.55,10.96,19.69,23.84,0
ComplexTrack,Bayes,27.04,66.51,4.29,15.41,10.55,19.56,23.24,0
StraightTrack,Bayes,18.27,65.04,4.25,15.5,7.89,12.16,15.62,0
ComplexTrack,Nightingale,26.89,74.31,5.43,15.61,11.65,20.26,23.64,0
StraightTrack,Bayes,17.41,65.97,4.24,13.89,7.49,11.44,14.81,1
ComplexTrack,Gauss,30.31,65.76,4.7,25.64,10.81,21.67,26.07,0
OvalTrack,Gauss,29.69,64.97,7.01,21.73,11.38,20.26,27.19,0
ComplexTrack,Gauss,30.68,72.49,4.65,11.79,11.03,19.67,23.83,1
ComplexTrack,Bayes,28.71,67.75,4.33,15.63,11.15,20.89,24.98,0
ComplexTrack,Nightingale,27.13,75.87,5.46,15.64,11.54,20.4,24,0
StraightTrack,Nightingale,18.04,69.27,5.46,14.34,8.26,12.28,15.58,0
StraightTrack,Gauss,17.82,76.87,5.52,12.7,8.77,12.54,15.56,0
OvalTrack,Nightingale,24.43,75.89,5.69,14.83,10.72,16.73,22.53,0
StraightTrack,Bayes,17.33,65.17,4.26,13.85,7.46,11.36,14.75,1
ComplexTrack,Bayes,28.03,67.82,4.26,15.57,10.99,20.42,24.25,0
ComplexTrack,Gauss,29.2,68.44,4.64,11.92,10.92,21.6,25.49,0
ComplexTrack,Gauss,28.19,74.42,4.73,12.34,10.61,19.66,24.56,0
ComplexTrack,Gauss,28.34,69.53,4.66,17.42,10.71,20,24.1,0
ComplexTrack,Gauss,26.84,73.42,4.71,12.46,10.75,18.85,22.37,0
ComplexTrack,Nightingale,28.61,75.28,5.49,16.54,12.29,21.54,25.33,0
ComplexTrack,Bayes,29.29,65.63,4.24,16.79,10.74,20.24,24.02,0
OvalTrack,Gauss,24.97,78.05,4.66,11.37,9.65,14.82,21.89,1
ComplexTrack,Bayes,28.64,64.88,4.25,15.39,9.78,18.02,20.18,1
ComplexTrack,Bayes,27.39,66.97,4.24,15.18,10.66,19.84,23.64,0
ComplexTrack,Gauss,26.86,78.02,4.73,13.42,11.21,20.04,23.51,0
ComplexTrack,Gauss,30.48,71.15,4.66,13.67,10.74,19.19,24.52,1
OvalTrack,Bayes,24.8,66.39,4.66,14.06,10.25,16.08,22.5,1
StraightTrack,Gauss,17.51,77.08,4.65,12.71,8.26,12.19,15.27,0
OvalTrack,Bayes,23.22,69.83,4.26,13.64,9.78,15.53,21.21,0
OvalTrack,Gauss,28.03,66.62,6.1,15.56,11.66,17.64,25.35,1
OvalTrack,Bayes,23.32,69.85,4.27,13.66,6.95,10.25,12.88,1
OvalTrack,Gauss,28.4,75.43,4.66,11.42,10,15.29,25.94,1
ComplexTrack,Gauss,27.94,69.09,4.65,12.65,10.83,19.64,23.66,0
StraightTrack,Bayes,17.55,65.05,4.25,13.36,7.45,11.31,14.91,1
OvalTrack,Gauss,26.93,74.6,4.64,11.39,9.94,17.76,25,1
StraightTrack,Gauss,17.31,67.58,4.64,11.46,7.73,11.43,14.73,0
ComplexTrack,Nightingale,28.42,74.83,5.41,17.72,11.54,22.27,26.44,0
StraightTrack,Nightingale,18.13,69.04,5.41,14.33,8.27,12.32,15.63,0
ComplexTrack,Gauss,27.38,78.4,4.69,15.13,10.75,20.26,23.59,0
OvalTrack,Nightingale,24.26,75.85,5.79,14.92,10.91,16.77,22.37,0
ComplexTrack,Nightingale,27.57,73.02,5.46,15.81,11.57,20.45,23.92,0
ComplexTrack,Nightingale,27.26,75.48,5.45,15.88,11.58,20.51,24.13,0
StraightTrack,Nightingale,18.16,69.12,5.41,14.36,8.3,12.31,15.65,0
StraightTrack,Bayes,17.46,65.9,4.25,13.83,7.58,11.51,14.86,1
OvalTrack,Bayes,23.61,69.75,4.24,13.61,9.88,15.69,21.55,0
StraightTrack,Nightingale,18.12,69.2,5.43,14.3,8.28,12.3,15.61,0
StraightTrack,Nightingale,18.12,69.4,5.41,14.3,8.27,12.27,15.6,0
StraightTrack,Nightingale,18.12,68.85,5.42,14.28,8.27,12.28,15.62,0
OvalTrack,Gauss,28.21,70.11,8.67,15.42,13.32,18.72,25.56,0
OvalTrack,Gauss,28.19,75.58,4.68,20.25,10.95,19.37,25.39,0
OvalTrack,Nightingale,24.52,70.18,5.41,14.73,10.39,16.48,22.29,0
StraightTrack,Nightingale,18.12,69.34,5.44,14.32,8.28,12.3,15.62,0
OvalTrack,Bayes,23.19,69.93,4.25,13.56,9.69,15.34,21.18,0
StraightTrack,Bayes,17.22,66.27,4.26,13.42,7.46,11.34,14.64,1
ComplexTrack,Gauss,26.96,72.82,4.66,11.99,10.79,19.23,23.04,0
OvalTrack,Nightingale,24.21,76.38,5.44,14.54,10.64,16.54,22.33,0
OvalTrack,Nightingale,27.36,68.58,5.43,14.59,14.53,15.79,24.56,1
ComplexTrack,Bayes,30.65,64.95,4.29,16.49,11.17,20.74,24.87,0
StraightTrack,Nightingale,18.12,69.1,5.41,14.29,8.28,12.3,15.62,0
ComplexTrack,Bayes,28.63,65.3,4.28,17.26,9.8,17.24,23.26,1
OvalTrack,Gauss,29.53,71.18,4.65,13.26,10.46,16.09,26.44,1
ComplexTrack,Gauss,30.58,67.07,4.74,12.64,10.73,19.54,25.36,1
ComplexTrack,Bayes,28.61,65.97,4.28,15.74,10.99,20.67,24.72,0
OvalTrack,Nightingale,24.74,74.17,5.39,15.1,10.99,17.2,22.8,0
OvalTrack,Gauss,24.17,73.57,4.67,13.58,9.71,15.61,21.93,1
ComplexTrack,Gauss,28.03,77.67,4.69,12.06,11.41,21.25,24.82,0
ComplexTrack,Bayes,28.86,67.47,4.26,15.86,11.45,20.89,24.93,0
OvalTrack,Gauss,25.35,74.35,4.64,11.41,9.68,15,22.43,1
OvalTrack,Bayes,22.79,69.76,4.23,13.56,9.44,15.16,20.76,0
StraightTrack,Bayes,17.23,66.05,4.25,13.38,7.44,11.32,14.65,1
OvalTrack,Nightingale,26.9,73.55,7.2,17.09,12.75,18.79,24.95,0
StraightTrack,Bayes,17.27,66.16,4.31,13.44,7.52,11.38,14.7,1
ComplexTrack,Nightingale,27.88,74.67,5.48,16.63,11.89,20.84,24.4,0
ComplexTrack,Nightingale,28.44,65.61,5.45,15.79,11.45,20.38,24.53,0
OvalTrack,Gauss,31.13,68.14,3.75,29.67,12.94,19.88,28.86,1
OvalTrack,Bayes,23.41,69.64,4.63,14,9.91,15.61,21.38,0
ComplexTrack,Gauss,28.38,69.69,4.69,16.15,10.62,20.2,24.61,0
OvalTrack,Bayes,23.62,70.03,4.27,13.63,9.72,15.61,21.61,0
OvalTrack,Nightingale,23.71,75.7,5.49,14.58,10.41,16.23,21.82,0
OvalTrack,Nightingale,24.29,76.35,5.38,14.56,10.77,16.68,22.43,0
OvalTrack,Bayes,23.22,69.58,4.26,13.64,9.52,15.3,21.17,1
StraightTrack,Bayes,17.68,65.49,4.26,14.46,7.62,11.7,15.08,0
OvalTrack,Nightingale,23.96,76.14,5.43,14.49,9.6,15.32,21.17,1
OvalTrack,Bayes,30.61,68.88,4.27,13.59,6.98,10.3,12.97,1
StraightTrack,Bayes,17.22,66.13,4.26,13.41,7.45,11.33,14.63,1
StraightTrack,Gauss,17.38,77.21,5.78,12.44,8.13,12.06,15.1,0
ComplexTrack,Nightingale,27.61,75.59,5.46,16.1,11.71,20.77,24.42,0
StraightTrack,Bayes,17.55,66.29,4.6,13.72,7.8,11.68,14.98,0
ComplexTrack,Gauss,30.38,70.77,4.66,12.54,10.64,20.77,26.45,0
ComplexTrack,Gauss,26.95,76.98,3.9,12.96,14.97,16.29,23.37,1
ComplexTrack,Bayes,27.06,67.59,4.28,18.36,10.48,19.8,23.62,0
StraightTrack,Bayes,17.22,66.12,4.24,13.38,7.47,11.33,14.63,1
OvalTrack,Nightingale,28.88,71.74,5.43,14.61,10.71,16.53,24.66,1
ComplexTrack,Gauss,30.39,76.36,4.64,12.04,11.33,19.59,23.33,1
StraightTrack,Bayes,17.31,65.99,4.27,13.73,7.47,11.34,14.69,1
OvalTrack,Nightingale,23.93,76.01,5.4,14.57,8.64,12.67,16.02,1
ComplexTrack,Gauss,30.05,72.7,5.04,12.38,11.32,21.36,26.28,0
ComplexTrack,Gauss,29.14,75.29,4.68,16.69,10.95,20.15,23.46,0
OvalTrack,Gauss,23.63,76.92,4.63,11.36,9.75,15.16,21.46,1
ComplexTrack,Gauss,29.11,73.34,4.65,12.77,10.78,19.57,23.27,0
StraightTrack,Gauss,17.69,74.84,5.77,13.17,8.11,12.2,15.4,0
StraightTrack,Bayes,17.31,65.9,4.29,13.48,7.45,11.35,14.62,1
OvalTrack,Nightingale,23.64,75.41,5.45,14.5,10.36,16.18,21.74,0
ComplexTrack,Nightingale,28.3,69.77,5.44,15.63,11.75,20.61,24.74,0
ComplexTrack,Bayes,29.99,66.57,4.26,18.64,11.43,21.77,26.14,0
StraightTrack,Bayes,17.23,65.47,4.33,13.45,7.49,11.36,14.67,1
ComplexTrack,Nightingale,28.33,70.91,5.51,16.87,8.26,12.25,15.66,1
StraightTrack,Nightingale,18.13,68.1,5.42,14.29,8.29,12.31,15.63,0
ComplexTrack,Gauss,28.58,66.84,4.71,16.23,10.71,19.66,24.48,0
ComplexTrack,Gauss,26.37,77.46,4.68,11.92,10.86,19.3,23.15,0
ComplexTrack,Gauss,27.69,75.74,4.68,12.63,10.89,19.48,23.8,0
ComplexTrack,Nightingale,28.27,73.46,5.46,16.74,11.54,22.27,26.44,0
ComplexTrack,Gauss,28.52,72.29,4.66,11.93,10.94,20.61,25.07,0
StraightTrack,Bayes,17.22,66.28,4.26,13.42,7.47,11.31,14.65,1
OvalTrack,Bayes,23.83,70,4.24,13.58,10.04,15.99,21.81,0
OvalTrack,Bayes,22.76,69.54,4.24,13.57,9.66,15.35,21.15,0
ComplexTrack,Gauss,26.67,76.12,4.65,12.58,10.93,19.45,23.05,0
ComplexTrack,Gauss,27.1,76.04,4.66,12.1,10.91,19.53,23.49,0
ComplexTrack,Nightingale,28.74,70.31,5.48,15.9,11.94,20.95,24.85,0
ComplexTrack,Nightingale,28.56,73.36,5.54,16.5,11.71,21.19,25.16,0
ComplexTrack,Gauss,28.35,71.33,4.89,18.81,10.87,20.54,24.31,0
OvalTrack,Gauss,26.03,76.8,4.62,11.4,9.67,14.87,23.11,1
ComplexTrack,Bayes,27.28,67.72,4.25,15.22,10.74,19.88,23.78,0
ComplexTrack,Bayes,28.27,66.47,4.26,18.16,10.72,20.55,24.73,0
StraightTrack,Bayes,17.46,66,4.51,13.63,7.71,11.56,14.89,0
ComplexTrack,Gauss,26.07,75.75,4.69,11.81,10.66,18.98,22.75,0
OvalTrack,Bayes,23.8,66.07,4.31,13.58,9.47,15.25,21.42,1
ComplexTrack,Nightingale,29.74,70.03,5.47,17,12.19,21.73,26.07,0
OvalTrack,Nightingale,24.75,71.8,5.44,16.11,10.7,16.92,22.74,0
OvalTrack,Gauss,24.1,71.67,4.73,11.51,9.75,15.18,21.72,1
ComplexTrack,Bayes,26.83,67.91,4.29,15.16,10.52,19.57,23.28,0
ComplexTrack,Nightingale,30.86,67.47,5.42,16.62,12.13,21.66,26.62,0
ComplexTrack,Bayes,27.11,67.97,4.26,14.95,10.87,19.85,23.56,0
ComplexTrack,Gauss,27.82,72.67,3.78,8.98,10.53,21.56,26.31,0
ComplexTrack,Nightingale,27.16,74.56,5.44,15.8,11.57,20.27,23.86,0
ComplexTrack,Gauss,30.11,65.86,4.76,29.19,10.83,20.84,25.81,0
OvalTrack,Nightingale,24.29,76.18,5.43,14.57,10.72,16.74,22.35,0
StraightTrack,Bayes,28.97,66.02,16.29,25.39,19.08,23.05,26.37,0
OvalTrack,Nightingale,23.69,75.95,5.49,14.57,8.74,13.67,21.72,1
StraightTrack,Nightingale,18.89,66.26,6.33,15.24,8.85,12.97,16.31,0
OvalTrack,Gauss,27.67,77.88,3.77,8.74,10.99,15.04,18.3,1
StraightTrack,Nightingale,18.1,69.4,5.42,14.33,8.28,12.28,15.62,0
OvalTrack,Bayes,23.38,69.82,4.36,13.71,9.83,15.6,21.33,0
StraightTrack,Gauss,17.58,78.19,5.66,12.22,8.72,12.38,15.36,0
OvalTrack,Nightingale,29.17,69.18,5.52,14.65,10.67,16.59,25.81,1
ComplexTrack,Nightingale,26.79,76.13,5.44,15.65,11.47,20.16,23.71,0
StraightTrack,Bayes,17.27,65.2,4.26,13.57,7.46,11.34,14.67,1
OvalTrack,Nightingale,25.13,68.02,5.47,14.6,10.68,16.54,23.03,1
OvalTrack,Bayes,23.87,70.22,4.25,13.57,9.9,15.99,21.86,0
OvalTrack,Bayes,24.38,65.41,4.24,13.6,14.54,15.72,22.05,1
OvalTrack,Nightingale,24.62,76.83,5.48,14.6,10.57,16.71,22.74,0
OvalTrack,Nightingale,23.58,75.91,5.39,14.43,10.64,16.28,21.7,0
ComplexTrack,Gauss,27.33,73.7,4.65,12.55,10.95,19.25,23.6,0
ComplexTrack,Bayes,27.27,67.52,4.25,15.34,10.79,19.75,23.61,0
ComplexTrack,Nightingale,28.41,72.76,5.49,16.07,11.79,20.9,24.68,0
ComplexTrack,Gauss,28.9,69.87,4.66,14.58,10.8,20.24,25.05,0
ComplexTrack,Bayes,27.67,67.4,4.25,15.67,10.79,20.06,23.87,0
OvalTrack,Nightingale,30.11,66.36,5.42,14.51,7,10.33,12.99,1
ComplexTrack,Gauss,27.72,69.92,4.69,15.39,10.73,19.49,23.27,0
ComplexTrack,Bayes,27.67,66.24,4.27,15.37,10.52,19.65,23.29,0
OvalTrack,Gauss,23.27,77.35,4.64,11.39,9.71,15,21.07,1
ComplexTrack,Nightingale,27.63,75.14,5.47,16.08,11.71,20.53,24.15,0
OvalTrack,Bayes,24.33,69.96,4.81,14.2,9.88,16.08,22.18,0
StraightTrack,Bayes,17.36,66.31,4.4,13.51,7.6,11.46,14.77,0
OvalTrack,Nightingale,24.99,74.67,6.62,15.71,11.6,17.42,23.06,0
StraightTrack,Gauss,25.39,72.15,14.48,21.07,15.2,19.59,22.81,0
StraightTrack,Bayes,17.23,66.1,4.25,13.37,7.46,11.34,14.64,1
StraightTrack,Nightingale,18.11,69.03,5.41,14.29,8.27,12.29,15.62,0
ComplexTrack,Gauss,26.34,76.56,4.7,11.87,10.97,19.35,22.88,0
StraightTrack,Gauss,20.84,76.12,3.76,13.97,7.45,11.31,14.63,1
StraightTrack,Bayes,17.71,65.22,4.64,14.2,7.75,11.71,15.07,0
ComplexTrack,Gauss,27.46,74.74,4.64,11.81,10.76,19.5,23.81,0
ComplexTrack,Bayes,27.91,66.8,4.3,15.58,10.99,20.31,24.21,0
OvalTrack,Bayes,24.89,69.88,4.3,13.65,9.91,16.16,22.83,1
ComplexTrack,Bayes,27.46,67.62,4.28,15.28,10.75,19.93,23.94,0
StraightTrack,Bayes,17.23,65.62,4.26,13.37,8.26,12.3,15.61,0
OvalTrack,Bayes,23.64,69.66,4.26,13.8,9.64,15.57,21.62,1
OvalTrack,Gauss,28.83,77.62,6.94,13.71,11.33,16.83,24.79,1
ComplexTrack,Bayes,30,66.22,4.24,26.23,10.62,21.5,26.11,0
OvalTrack,Gauss,26.12,76.53,3.73,8.75,8.98,15.62,23.15,1
StraightTrack,Bayes,25.23,67.35,10.94,20.09,7.74,11.6,14.92,1
ComplexTrack,Gauss,28.35,74.49,3.77,12.76,10.53,21.56,26.31,0
ComplexTrack,Gauss,30.7,65.31,3.76,8.91,9.61,21.42,26.15,0
OvalTrack,Bayes,23.69,70.08,4.26,13.78,9.7,15.58,21.73,1
ComplexTrack,Nightingale,30.42,66.08,5.48,15.96,7.45,11.3,14.58,1
ComplexTrack,Nightingale,28.47,70.25,5.44,17.29,11.63,21.17,24.87,0
OvalTrack,Nightingale,23.81,75.72,5.47,14.58,15.4,16.89,21.97,0
ComplexTrack,Nightingale,29.24,69.18,6.5,18,12.57,21.71,25.66,0
OvalTrack,Gauss,23.4,73.8,4.67,12.35,9.92,15.48,21.11,0
StraightTrack,Gauss,17.52,76.82,5.58,12.14,8.64,12.3,15.28,0
OvalTrack,Bayes,23.56,70,4.24,13.6,9.61,15.67,21.54,0
ComplexTrack,Gauss,27.19,74.85,4.66,12.11,10.88,19.75,23.88,0
OvalTrack,Nightingale,24.32,75.39,5.43,14.54,10.65,16.71,22.43,0
OvalTrack,Gauss,28.03,65.83,4.63,26.5,10.73,18.27,25.71,1
OvalTrack,Bayes,22.99,68.7,4.33,13.63,9.44,15.2,20.88,0
StraightTrack,Nightingale,18.11,69.37,5.41,14.31,8.27,12.29,15.62,0
OvalTrack,Bayes,22.77,69.63,4.25,13.6,9.38,15.1,20.75,0
OvalTrack,Nightingale,24.78,76.69,5.77,14.89,11.08,17.09,22.91,0
ComplexTrack,Bayes,27.1,68.56,4.28,15.86,10.61,19.78,23.66,0
ComplexTrack,Gauss,29.45,66.59,3.75,9.05,10.82,22.01,27.57,0
ComplexTrack,Bayes,26.62,66.43,4.29,15.67,10.36,19.25,23.02,0
StraightTrack,Bayes,17.28,66.23,4.31,13.43,7.53,11.39,14.7,1
OvalTrack,Gauss,30.05,77.24,3.75,8.72,8.83,17.4,28.09,1
OvalTrack,Bayes,23.07,69.41,4.25,13.61,9.6,15.31,21.03,0
ComplexTrack,Bayes,27.14,67.41,4.25,15.18,10.78,19.89,23.67,0
StraightTrack,Bayes,17.22,66.24,4.25,13.47,7.48,11.32,14.64,1
ComplexTrack,Gauss,27.24,72.44,3.75,9.2,9.59,19.09,23.51,0
OvalTrack,Nightingale,27.15,66.74,5.46,15.1,10.54,16.52,24.51,1
OvalTrack,Gauss,25.21,75.55,4.71,11.51,9.74,14.99,22.69,1
StraightTrack,Nightingale,18.85,67.17,6.39,15.36,8.81,12.99,16.29,0
OvalTrack,Nightingale,24.25,75.62,5.45,14.49,10.73,16.73,22.3,0
ComplexTrack,Bayes,27.78,67.21,4.24,15.62,10.69,20.09,23.97,0
ComplexTrack,Gauss,26.68,75.04,4.67,12.37,10.67,18.87,22.73,0
OvalTrack,Bayes,22.71,69.63,4.26,13.55,9.39,15.06,20.66,0
OvalTrack,Bayes,24.27,69,4.35,16.05,9.85,16,22.24,1
ComplexTrack,Bayes,27.52,68.16,4.25,15.51,10.93,19.95,23.8,0
OvalTrack,Nightingale,24.82,67.73,5.4,14.57,12.85,16.3,22.62,1
OvalTrack,Gauss,29.59,76.6,4.66,11.38,9.54,14.77,25.54,1
OvalTrack,Bayes,23.95,70.04,4.26,13.77,9.87,15.85,21.92,0
OvalTrack,Nightingale,24.57,76.35,5.46,14.63,10.96,16.91,22.73,0
StraightTrack,Gauss,17.39,74.27,5.54,12.39,8.17,11.98,15.07,0
StraightTrack,Bayes,17.23,66.05,4.27,13.48,7.46,11.29,14.64,1
OvalTrack,Bayes,23.56,69.88,4.25,13.64,9.61,15.42,21.47,1
ComplexTrack,Gauss,27.55,75.62,3.77,9,10.88,20.59,24.32,0
OvalTrack,Gauss,23.9,76.98,4.67,15.23,10.39,16.55,22.04,0
StraightTrack,Gauss,18.26,74,6.01,13.76,8.46,12.66,15.86,0
OvalTrack,Gauss,21.7,78.2,4.66,11.37,9.65,14.85,19.79,0
ComplexTrack,Nightingale,27.29,73.22,5.42,15.68,11.6,20.41,23.99,0
ComplexTrack,Nightingale,30.06,66.86,5.44,16.75,11.91,21.43,25.77,0
StraightTrack,Nightingale,18.26,65.12,5.42,14.3,8.27,12.3,15.61,0
OvalTrack,Nightingale,30.31,69.05,6.46,15.63,11.88,18.03,27.26,1
StraightTrack,Nightingale,26.32,65.92,5.51,14.5,8.28,12.3,15.68,1
StraightTrack,Nightingale,18.09,69.39,5.41,14.3,8.28,12.26,15.6,0
StraightTrack,Nightingale,18.12,69.23,5.41,14.28,8.27,12.3,15.62,0
OvalTrack,Gauss,29.86,75.55,4.63,11.47,9.62,14.9,26.1,1
OvalTrack,Nightingale,24.61,71.09,5.52,14.66,10.47,16.28,22.51,0
OvalTrack,Gauss,22.93,76.71,4.63,11.34,9.93,15.03,20.66,1
StraightTrack,Bayes,17.35,66.22,4.39,13.5,7.59,11.45,14.76,1
OvalTrack,Gauss,26.8,76.57,4.63,19.37,9.99,18.6,24.88,0
StraightTrack,Nightingale,18.11,69.4,5.41,14.29,8.28,12.29,15.61,0
OvalTrack,Gauss,31.11,76.14,4.65,23.86,13.46,23.36,29.16,0
ComplexTrack,Nightingale,29.3,69.5,5.41,16.61,11.98,21.59,25.56,0
StraightTrack,Gauss,18.8,68.63,4.66,11.22,7.71,11.38,14.4,1
ComplexTrack,Gauss,26.25,77.09,4.68,12.59,10.6,19.12,22.87,0
StraightTrack,Nightingale,18.33,69.3,5.71,14.52,8.51,12.53,15.82,0
ComplexTrack,Bayes,27.47,66.81,4.26,15.83,10.52,19.95,23.8,0
OvalTrack,Nightingale,24.59,77.33,5.48,14.58,11.01,17.02,22.68,0
StraightTrack,Nightingale,18.12,69.42,5.42,14.3,8.28,12.29,15.62,0
StraightTrack,Bayes,17.3,65.72,4.28,13.43,7.48,11.34,14.66,1
ComplexTrack,Nightingale,27.64,75,5.54,16.18,11.67,20.58,24.19,0
ComplexTrack,Gauss,30.8,72.06,4.68,21.53,10.85,23.06,27.43,0
OvalTrack,Nightingale,27.35,65.56,6.25,17.63,11.18,17.66,24.71,1
StraightTrack,Bayes,17.93,66.31,4.97,14.07,8.15,12.04,15.35,0
OvalTrack,Bayes,23.63,70.1,4.27,13.69,9.79,15.79,21.61,0
ComplexTrack,Gauss,28.44,74.53,4.74,12.77,10.77,19.28,23.7,0
OvalTrack,Gauss,30.53,71.56,18.99,28.28,14.34,15.92,28.38,1
ComplexTrack,Gauss,27.48,74,3.86,14.2,9.61,16.48,19.44,1
OvalTrack,Gauss,25.57,71.89,3.77,8.72,7.42,11.95,15.75,1
OvalTrack,Gauss,25.53,77.54,4.76,11.55,10.2,15.55,23,1
StraightTrack,Nightingale,18.1,69.37,5.46,14.36,8.26,12.23,15.6,0
OvalTrack,Gauss,23.25,76.4,4.99,11.83,10.21,15.38,21.03,0
StraightTrack,Bayes,17.54,65.26,4.57,13.71,7.76,11.66,14.96,0
StraightTrack,Gauss,24.45,73.89,14.22,20.82,13.76,18.65,22.03,0
ComplexTrack,Bayes,27.1,68.18,4.26,15.13,10.48,19.63,23.45,0
StraightTrack,Gauss,17.23,75.09,4.94,12.18,8.04,11.85,14.9,0
StraightTrack,Bayes,17.46,64.82,4.46,13.69,7.64,11.53,14.86,0
StraightTrack,Nightingale,18.12,69.23,5.42,14.3,8.28,12.29,15.61,0
ComplexTrack,Bayes,27.74,68.39,4.25,15.06,11.14,20.09,24.16,0
StraightTrack,Gauss,24.3,77.58,5.09,17.34,15.62,18.9,21.7,0
ComplexTrack,Bayes,26.39,67.68,4.24,15.04,10.52,19.25,22.89,0
OvalTrack,Gauss,25.43,75.18,3.79,8.9,8.57,14.36,23.14,1
StraightTrack,Nightingale,26.85,70.03,12.8,21.93,8.27,12.32,15.61,1
ComplexTrack,Gauss,27.08,76.04,5.31,9.78,12.31,16.93,20.85,1
StraightTrack,Gauss,17.26,78.32,5.32,11.87,8.38,12.04,15.02,0
StraightTrack,Bayes,20.02,65.76,7.58,16.71,9.96,13.91,17.4,0
ComplexTrack,Gauss,27.16,73.11,4.73,13.75,10.56,19.12,22.91,0
OvalTrack,Nightingale,24.21,76.32,5.47,14.6,10.54,16.64,22.34,0
ComplexTrack,Bayes,27.96,68.23,4.26,15.41,11.35,20.46,24.41,0
ComplexTrack,Nightingale,26.6,73.92,5.42,15.75,11.37,20.01,23.46,0
StraightTrack,Nightingale,18.1,69.4,5.41,14.28,8.27,12.26,15.62,0
ComplexTrack,Bayes,27.84,67.11,4.27,15.64,10.71,20.17,24.08,0
ComplexTrack,Nightingale,28.82,74.15,5.41,16.04,12.16,21.46,25.35,0
ComplexTrack,Gauss,25.82,77.36,4.67,14.08,10.76,19.1,22.37,0
OvalTrack,Gauss,27.33,74.67,4.66,11.4,9.7,15.05,24.63,1
StraightTrack,Bayes,17.27,66.16,4.26,13.6,7.46,11.36,14.69,1
StraightTrack,Gauss,21.11,72.64,11.39,17.95,9.52,15.16,18.66,0
ComplexTrack,Nightingale,29.6,67.85,5.43,16.34,11.79,21.52,25.68,0
ComplexTrack,Gauss,28.64,69.65,4.66,18.73,10.73,20.4,24.03,0
StraightTrack,Bayes,17.23,66.27,4.28,13.39,7.47,11.36,14.64,1
OvalTrack,Bayes,23.28,69.91,4.24,13.63,9.61,15.43,21.23,0
StraightTrack,Bayes,17.97,66.24,5.06,14.18,8.18,12.03,15.4,0
StraightTrack,Gauss,19.92,78.42,7.96,14.53,11.03,14.71,17.69,0
ComplexTrack,Bayes,27.01,67.64,4.28,15.3,10.58,19.63,23.46,0
OvalTrack,Gauss,28.33,73.75,9.59,16.34,13.67,19.12,25.3,0
StraightTrack,Nightingale,18.93,69.3,6.41,15.16,9.01,13.07,16.39,0
OvalTrack,Nightingale,23.69,75.84,5.45,14.55,10.5,16.32,21.81,0
StraightTrack,Bayes,18.23,65.8,5.48,14.6,8.36,12.3,15.63,0
ComplexTrack,Gauss,28,70.96,4.64,17.91,10.78,20.37,24.21,0
OvalTrack,Bayes,22.95,68.37,4.25,13.59,14.43,15.69,20.85,0
StraightTrack,Bayes,19.64,66.3,6.69,15.81,9.89,13.76,17.08,0
ComplexTrack,Bayes,27.49,66.85,4.28,15.29,10.51,19.82,23.75,0
StraightTrack,Bayes,17.6,65.21,4.28,13.42,7.48,11.32,14.65,1
StraightTrack,Nightingale,18.11,69.2,5.41,14.28,8.26,12.28,15.61,0
ComplexTrack,Bayes,29.29,68.25,4.25,18.51,9.59,16.86,19.67,1
StraightTrack,Nightingale,18.57,68.07,5.44,15.51,8.27,12.52,16,0
StraightTrack,Gauss,17.33,72.59,4.68,13.01,7.73,11.73,14.94,0
ComplexTrack,Nightingale,28.79,69.65,5.4,16.57,10.72,20.67,24.31,0
OvalTrack,Nightingale,24.91,77.24,5.41,14.55,11.1,17.12,23.07,0
ComplexTrack,Nightingale,31.18,70.21,5.46,16.17,12.31,21.76,26.54,0
ComplexTrack,Bayes,27.89,66.19,4.25,15.63,10.73,20.21,24.03,0
StraightTrack,Gauss,17.99,76.94,6.59,13.15,8.73,12.64,15.73,0
StraightTrack,Nightingale,18.11,69.03,5.4,14.28,8.28,12.29,15.61,0
OvalTrack,Gauss,28.65,71.02,3.91,10.75,8.27,12.26,15.61,1
StraightTrack,Gauss,18.71,72.85,3.75,16.09,6.97,10.72,13.92,1
StraightTrack,Nightingale,18.09,69.4,5.42,14.33,8.27,12.29,15.6,0
ComplexTrack,Nightingale,27.27,76.58,5.46,15.73,11.77,20.53,24.24,0
ComplexTrack,Nightingale,27.92,70.65,5.51,16.66,11.58,20.81,24.52,0
OvalTrack,Gauss,24.01,78.06,4.66,11.44,9.58,14.96,20.76,1
StraightTrack,Bayes,17.26,65.32,4.27,13.39,7.49,11.34,14.66,1
OvalTrack,Bayes,23.68,70.08,4.27,13.61,9.84,15.65,21.66,0
ComplexTrack,Gauss,26.33,73.97,4.67,12.31,10.88,19.43,22.99,0
ComplexTrack,Nightingale,27.9,75.68,5.46,15.87,11.64,20.98,24.53,0
ComplexTrack,Nightingale,29.67,67.55,5.46,19.12,11.56,21.1,25.9,0
StraightTrack,Gauss,17.46,68.6,4.66,13.49,7.73,11.58,14.94,0
ComplexTrack,Gauss,29.83,68.73,4.74,16.33,11.03,19.94,24.51,0
ComplexTrack,Nightingale,27.28,72.61,5.43,15.61,11.5,20.4,23.82,0
StraightTrack,Nightingale,18.24,66.5,5.41,14.42,8.25,12.32,15.65,0
ComplexTrack,Nightingale,29.29,67.75,5.46,16.34,7.46,11.31,14.65,1
OvalTrack,Nightingale,24.77,69.25,5.52,17.88,10.32,16.53,22.66,0
StraightTrack,Bayes,17.29,66.16,4.33,13.44,7.53,11.41,14.71,1
ComplexTrack,Gauss,28.23,73.09,3.78,9,7.02,10.85,13.71,1
StraightTrack,Nightingale,18.11,69.4,5.45,14.29,8.25,12.29,15.61,0
OvalTrack,Nightingale,24.2,76.03,5.44,14.55,10.55,16.48,22.31,0
ComplexTrack,Nightingale,28.84,65.75,5.45,15.89,11.38,20.58,24.99,0
ComplexTrack,Gauss,27.14,75.25,4.79,12.54,10.7,19.23,23.5,0
ComplexTrack,Bayes,28.1,66.05,4.3,15.54,10.75,20.08,24.48,0
OvalTrack,Nightingale,25.94,69.85,5.43,17.6,10.51,17.02,23.04,1
ComplexTrack,Bayes,27.81,66.68,4.26,15.79,10.73,20.18,24.08,0
OvalTrack,Gauss,27.17,78.16,3.8,8.76,7.45,11.33,14.63,1
OvalTrack,Gauss,26.05,75.74,4.68,11.34,9.68,15.09,23.4,1
OvalTrack,Nightingale,26.84,71.07,5.71,14.85,10.94,17.01,23.84,1
StraightTrack,Nightingale,18.13,69.24,5.41,14.31,8.28,12.3,15.61,0
StraightTrack,Gauss,18.12,71.07,5.66,12.92,8.69,12.55,15.62,0
OvalTrack,Bayes,27.43,67.28,5.44,14.86,11.1,17.27,24.8,1
OvalTrack,Gauss,27.48,75.47,6.38,19.44,12.88,19.97,25.46,0
StraightTrack,Nightingale,18.11,69.23,5.4,14.28,8.26,12.29,15.6,0
OvalTrack,Bayes,23.07,69.41,4.25,13.64,9.47,15.21,21.03,1
ComplexTrack,Nightingale,27.85,71.75,5.47,15.93,11.7,20.52,24.07,0
OvalTrack,Bayes,23.71,69.95,4.25,13.7,9.83,15.74,21.69,0
StraightTrack,Bayes,17.41,66.31,4.45,13.58,7.65,11.54,14.83,0
ComplexTrack,Bayes,31.22,65.11,4.28,16.33,11.3,22.78,27.08,0
OvalTrack,Nightingale,23.81,75.93,5.38,14.53,10.61,16.42,21.93,0
ComplexTrack,Nightingale,29.71,66.31,5.51,21.51,11.56,21.66,25.66,0
StraightTrack,Nightingale,18.11,69.13,5.44,14.31,8.27,12.27,15.59,0
StraightTrack,Bayes,17.4,65.36,4.35,13.51,7.63,11.51,14.81,0
OvalTrack,Gauss,25.23,71.2,4.63,11.41,9.83,15.08,22.78,1
ComplexTrack,Bayes,26.88,68.71,4.26,15.19,10.54,19.5,23.33,0
StraightTrack,Bayes,17.39,65.44,4.25,14.15,7.46,11.38,14.76,1
ComplexTrack,Gauss,29.41,77.95,4.65,12,10.93,19.7,23.18,0
StraightTrack,Gauss,18.15,78.01,6.21,12.78,9.28,12.94,15.93,0
ComplexTrack,Nightingale,26.85,74.92,5.47,15.75,11.35,20.13,23.59,0
ComplexTrack,Nightingale,27.96,75.36,5.49,16.33,11.62,20.83,24.56,0
ComplexTrack,Gauss,29.46,67.76,4.66,13.43,10.81,20.38,25.59,0
OvalTrack,Nightingale,28.14,67.01,5.46,14.68,10.4,16.23,25.23,1
OvalTrack,Gauss,24.11,78.01,4.62,11.39,10,15.42,21.69,1
OvalTrack,Gauss,25.36,76.48,4.64,11.41,9.76,15.01,22.71,1
StraightTrack,Bayes,23.26,66.31,10.31,19.43,13.49,17.38,20.68,0
ComplexTrack,Bayes,28.61,66.68,4.24,15.58,10.75,20.06,23.79,0
StraightTrack,Gauss,17.38,73.97,4.69,11.96,7.81,11.68,14.78,0
OvalTrack,Bayes,23.36,69.61,4.27,13.6,14.51,15.58,21.94,0
StraightTrack,Gauss,17.36,76.99,5.36,12.58,8.18,11.98,15.08,0
ComplexTrack,Bayes,27.35,65.9,4.26,15.35,10.56,19.77,23.7,0
StraightTrack,Nightingale,18.11,69.06,5.41,14.3,8.28,12.3,15.61,0
ComplexTrack,Gauss,28.83,74.39,4.66,11.92,11.17,19.83,23.44,0
StraightTrack,Nightingale,18.12,69.4,5.4,14.3,8.28,12.27,15.6,0
OvalTrack,Bayes,23.23,69.8,4.24,13.61,9.61,15.5,21.19,0
ComplexTrack,Nightingale,28.27,71.87,5.47,16.05,11.79,21.11,24.76,0
ComplexTrack,Gauss,29.28,73.64,4.66,11.96,10.99,20.41,25.6,0
StraightTrack,Bayes,17.29,66.15,4.31,13.51,7.45,11.38,14.7,1
ComplexTrack,Gauss,26.69,74.79,4.67,12.22,10.59,19.47,23.2,0
OvalTrack,Bayes,24.47,70.44,4.25,13.66,10.21,16.15,22.49,1
OvalTrack,Bayes,23.82,69.96,4.26,13.62,9.74,15.79,21.8,0
StraightTrack,Gauss,17.22,76.57,5.33,11.89,8.38,12.02,15.02,0
ComplexTrack,Bayes,26.69,68.43,4.26,15.29,10.69,19.64,23.29,0
StraightTrack,Nightingale,18.13,68.29,5.43,14.3,8.25,12.29,15.62,0
ComplexTrack,Gauss,28.9,70.47,4.64,12.17,10.69,19.6,24.35,0
ComplexTrack,Nightingale,27.74,72.9,5.41,15.85,11.73,20.63,24.34,0
StraightTrack,Gauss,17.26,71.85,4.64,11.27,7.72,11.39,14.38,1
OvalTrack,Nightingale,24.13,76.13,5.43,14.57,10.61,16.61,22.25,0
ComplexTrack,Bayes,27.74,66.75,4.28,16.29,9.12,13.89,19.09,1
OvalTrack,Bayes,24.63,67.82,4.25,13.61,9.69,15.81,22.4,1
OvalTrack,Gauss,27.1,66.41,4.62,11.44,9.8,15.6,24.67,1
ComplexTrack,Gauss,25.22,78.22,4.67,12.04,10.62,18.84,22.14,0
StraightTrack,Nightingale,18.81,66.98,5.48,15.77,8.41,12.75,16.22,0
ComplexTrack,Nightingale,29.07,70.59,5.43,16.97,11.72,21.02,24.88,0
StraightTrack,Nightingale,18.12,69.27,5.45,14.33,8.29,12.27,15.57,0
ComplexTrack,Nightingale,30.83,67.4,5.42,18.96,11.76,21.82,26.27,0
OvalTrack,Bayes,23.89,68.32,4.28,13.67,9.73,15.64,21.71,1
ComplexTrack,Nightingale,29.27,66.5,5.45,20.92,11.55,21.29,25.15,0
StraightTrack,Bayes,17.44,66.21,4.48,13.59,7.68,11.56,14.86,0
StraightTrack,Bayes,17.23,65.23,4.26,13.4,7.44,11.31,14.65,1
OvalTrack,Gauss,26,69.05,4.69,17.16,9.84,16.66,23.85,1
StraightTrack,Bayes,17.28,66.16,4.36,13.48,7.5,11.38,14.7,1
ComplexTrack,Bayes,28.79,65.04,5.37,18.35,11.39,20.82,24.95,0
OvalTrack,Nightingale,23.81,75.84,5.43,14.56,10.56,16.41,21.91,0
StraightTrack,Nightingale,18.12,69.2,5.42,14.3,8.28,12.29,15.63,0
ComplexTrack,Bayes,31.22,65.02,4.28,25.36,10.84,22.76,27.2,0
OvalTrack,Nightingale,23.75,76.11,5.39,14.48,10.53,16.31,21.89,0
StraightTrack,Nightingale,18.11,69.2,5.41,14.29,8.26,12.3,15.6,0
OvalTrack,Nightingale,24.02,75.98,5.43,14.5,10.59,16.55,22.15,0
OvalTrack,Gauss,23.44,76.72,4.69,11.46,9.99,15.28,21.45,1
StraightTrack,Gauss,17.32,78.29,5.41,11.98,8.44,12.11,15.1,0
ComplexTrack,Bayes,27.37,67.5,4.27,15.72,10.6,20.01,23.78,0
ComplexTrack,Gauss,30.6,76.46,4.74,12.26,10.79,19.29,22.79,1
OvalTrack,Gauss,23.83,76.58,4.67,11.42,9.81,15.12,21.67,1
ComplexTrack,Bayes,28.18,65.11,4.28,15.34,10.54,20.19,24.24,0
OvalTrack,Gauss,25.69,68.61,4.69,11.45,9.72,15.11,22.97,1
OvalTrack,Bayes,26.17,65.46,4.25,13.82,9.81,15.99,23.5,1
StraightTrack,Bayes,17.4,65.2,4.27,13.41,7.45,11.3,14.62,1
ComplexTrack,Bayes,26.78,67.25,4.29,16.1,10.45,19.53,23.25,0
ComplexTrack,Nightingale,28.17,70.88,5.42,15.84,11.42,20.48,24.66,0
OvalTrack,Nightingale,30.28,66.12,7.33,16.36,11.45,17.47,27.35,1
StraightTrack,Nightingale,18.19,66.05,5.41,14.3,8.27,12.3,15.61,0
ComplexTrack,Nightingale,28.8,68.05,5.49,17.4,12.11,21.26,24.93,0
ComplexTrack,Gauss,27.22,73.56,4.56,9.91,10.35,17.63,22.41,1
ComplexTrack,Gauss,28.22,73.11,4.69,11.97,10.93,20.29,24.61,0
ComplexTrack,Bayes,27.97,66.39,4.26,16.02,10.92,20.19,24.29,0
OvalTrack,Bayes,23.68,69.84,4.4,13.91,9.7,15.65,21.65,0
ComplexTrack,Gauss,26.87,78.34,4.65,11.74,10.87,19.67,23.09,0
StraightTrack,Nightingale,17.99,69.1,5.66,14.33,8,11.99,15.33,0
OvalTrack,Gauss,23.24,74.23,4.65,11.36,10.01,15.41,21.31,0
OvalTrack,Bayes,24.16,67.83,4.26,13.58,9.98,16.03,21.93,0
ComplexTrack,Gauss,29.94,74.68,4.75,12.02,10.95,20.22,25.2,0
OvalTrack,Nightingale,23.46,75.74,5.39,14.45,10.48,16.16,21.58,0
OvalTrack,Bayes,26.89,67.36,4.28,19.79,11.17,18.41,24.66,0
StraightTrack,Gauss,17.79,70.93,4.67,11.25,7.72,11.39,14.36,1
ComplexTrack,Nightingale,29.07,70.4,5.47,15.89,11.91,21.27,25.34,0
StraightTrack,Gauss,20.04,71.21,4.66,12.12,7.72,11.52,14.63,1
OvalTrack,Bayes,23.7,70.22,4.26,13.56,9.94,15.81,21.68,0
ComplexTrack,Bayes,27.52,65.59,4.26,15.46,10.18,19.54,23.52,0
OvalTrack,Nightingale,23.67,75.54,5.43,14.56,10.48,16.3,21.78,0
StraightTrack,Gauss,17.29,76.81,3.75,12.89,7.23,11.95,15.05,0
ComplexTrack,Nightingale,29.91,70.91,6.01,16.57,12.38,22.1,26.34,0
ComplexTrack,Nightingale,28.96,73.58,5.45,16.48,12.27,21.56,25.24,0
ComplexTrack,Bayes,26.7,67.12,4.31,15.31,10.62,19.46,23.11,0
StraightTrack,Nightingale,18.11,69.16,5.41,14.28,8.26,12.29,15.61,0
ComplexTrack,Gauss,30.01,76.13,4.68,12.44,11.31,23.04,26.69,0
StraightTrack,Bayes,17.46,65.18,4.42,14.24,7.55,11.46,14.84,1
StraightTrack,Bayes,18.58,66.18,5.65,14.81,8.81,12.64,16.01,0
StraightTrack,Nightingale,18.12,69.34,5.41,14.3,8.27,12.3,15.62,0
OvalTrack,Nightingale,23.94,74.79,5.43,14.65,16.51,17.75,22.04,0
OvalTrack,Bayes,26.05,65.42,4.33,13.76,9.68,15.67,23.43,1
OvalTrack,Bayes,24.04,68.81,4.27,13.65,17.65,18.96,22.26,0
ComplexTrack,Nightingale,28.16,73.55,5.48,16.32,7.46,11.31,14.65,1
OvalTrack,Gauss,24.72,78.17,3.74,8.79,8.31,12.32,15.63,1
ComplexTrack,Gauss,26.6,74.09,3.79,8.98,9.22,13.77,19.04,1
OvalTrack,Nightingale,24.62,67.62,5.51,14.51,8.27,12.29,15.57,1
OvalTrack,Bayes,27.32,65.85,4.27,13.85,9.73,15.76,24.46,1
ComplexTrack,Bayes,28.24,66.05,4.24,16.71,10.82,20.24,24.52,0
OvalTrack,Bayes,23.11,69.65,4.26,13.61,9.54,15.31,21.08,0
StraightTrack,Gauss,21.93,66.26,3.76,8.78,15.59,17.07,19.16,0
StraightTrack,Bayes,18.79,65.83,5.75,15.25,8.95,12.85,16.21,0
StraightTrack,Nightingale,18.15,69.21,5.43,14.33,8.25,12.3,15.63,0
OvalTrack,Bayes,23.48,69.87,4.26,13.61,9.88,15.66,21.46,0
OvalTrack,Gauss,23.76,78.44,4.73,11.44,9.71,15.12,21.39,1
OvalTrack,Gauss,22.04,78.1,4.63,11.38,9.85,15.11,20.16,0
StraightTrack,Bayes,18.31,66.11,5.36,14.51,8.55,12.43,15.73,0
OvalTrack,Nightingale,24.33,70.51,5.43,14.83,10.4,16.37,22.05,0
OvalTrack,Gauss,21.7,78.22,4.68,11.38,9.61,14.78,19.83,0
OvalTrack,Bayes,23.44,68.85,4.26,13.94,9.59,15.52,21.35,0
OvalTrack,Bayes,22.9,69.65,4.26,13.6,9.5,15.16,20.86,0
ComplexTrack,Nightingale,31.24,65.44,5.47,17.09,7.07,10.35,13.02,1
ComplexTrack,Bayes,27.82,68.07,4.26,15.12,9.59,16.86,19.67,1
StraightTrack,Bayes,17.22,66.31,4.24,13.38,7.44,11.33,14.63,1
OvalTrack,Gauss,25.36,73,4.67,11.42,9.92,15.11,22.29,1
StraightTrack,Nightingale,18.12,69.4,5.42,14.29,8.28,12.3,15.62,0
StraightTrack,Nightingale,18.15,69.35,5.46,14.34,8.31,12.34,15.64,0
StraightTrack,Nightingale,18.45,66.33,5.64,14.76,8.37,12.5,15.86,0
StraightTrack,Nightingale,20.11,66.51,7.78,16.9,9.75,14.06,17.48,0
ComplexTrack,Nightingale,29.58,70.2,5.5,16.42,9.78,15.78,22.11,1
OvalTrack,Bayes,22.76,69.55,4.25,13.55,9.42,15.06,20.73,0
OvalTrack,Bayes,24.07,69.98,4.28,13.78,9.71,15.81,22.05,1
ComplexTrack,Gauss,29.15,76.76,7.85,15.35,13.09,21.6,25.6,0
StraightTrack,Bayes,17.23,66.16,4.28,13.4,7.48,11.34,14.66,1
ComplexTrack,Gauss,31.08,70.81,4.65,12.48,10.86,21.89,27.19,0
StraightTrack,Gauss,18.97,67.03,4.65,17.7,7.72,11.91,16.21,1
OvalTrack,Nightingale,23.51,75.17,5.44,14.48,10.38,16.13,21.6,0
ComplexTrack,Gauss,30.81,69.86,4.68,20.14,11.08,21.59,26.65,0
ComplexTrack,Gauss,26.12,77.38,4.66,12.52,10.91,19.19,22.79,0
ComplexTrack,Nightingale,31,70.26,5.47,15.87,11.45,20.37,24.06,1
StraightTrack,Bayes,17.56,66.24,4.59,13.71,7.79,11.66,14.97,0
OvalTrack,Gauss,24.68,73.35,4.64,11.32,9.69,14.85,22.35,1
StraightTrack,Bayes,30.51,66.23,17.5,26.6,20.8,24.63,27.95,0
OvalTrack,Nightingale,25.05,76.86,5.65,15.1,10.76,16.9,23.18,0
ComplexTrack,Gauss,28.63,70.6,4.75,19.78,10.96,20.93,24.93,0
StraightTrack,Nightingale,18.13,67.76,5.42,14.3,6.96,10.25,12.99,1
ComplexTrack,Bayes,27.05,67.2,4.26,14.96,10.5,19.51,23.41,0
StraightTrack,Nightingale,21.37,66.82,5.51,14.34,8.24,12.27,15.61,1
StraightTrack,Gauss,17.54,78.47,5.6,12.16,8.63,12.32,15.31,0
OvalTrack,Gauss,24.79,76.9,4.71,11.41,9.68,14.83,22.03,1
OvalTrack,Gauss,24.56,71.45,4.72,11.54,9.88,15.24,22.49,1
StraightTrack,Bayes,19.37,66.16,6.4,15.54,9.61,13.48,16.78,0
StraightTrack,Bayes,17.27,66.13,4.31,13.43,7.52,11.39,14.68,1
StraightTrack,Bayes,17.23,66.24,4.26,13.45,7.46,11.32,14.64,1
StraightTrack,Nightingale,18.12,69.16,5.43,14.31,8.29,12.3,15.63,0
OvalTrack,Nightingale,24.09,74.42,5.45,15.18,8.27,12.26,15.61,1
OvalTrack,Nightingale,23.86,75.89,5.43,14.59,14.51,15.58,21.94,1
StraightTrack,Bayes,17.29,65.88,4.3,13.71,7.46,11.33,14.72,1
OvalTrack,Gauss,27.36,76.96,4.67,11.4,9.76,15.31,24.51,1
OvalTrack,Nightingale,26.98,73.83,5.51,18.96,11.41,18.82,25.04,0
OvalTrack,Gauss,28.15,71.8,4.63,11.38,9.91,15.48,25.44,1
ComplexTrack,Nightingale,29.39,72.34,5.56,16.04,6.98,10.26,12.89,1
OvalTrack,Bayes,29.09,66.34,4.24,13.56,14.75,15.86,18.46,1
StraightTrack,Gauss,20.3,75.91,4.67,11.21,7.7,11.36,14.33,1
StraightTrack,Bayes,17.23,65.08,4.26,13.44,7.45,11.32,14.64,1
StraightTrack,Bayes,17.23,66.1,4.26,13.42,7.46,11.32,14.65,1
ComplexTrack,Nightingale,28.13,71.02,5.46,16.12,10.72,20.67,24.31,0
StraightTrack,Bayes,17.26,65.3,4.26,13.5,7.46,11.36,14.7,1
ComplexTrack,Nightingale,27.08,73.46,5.45,16.71,11.38,20.24,23.78,0
StraightTrack,Bayes,19.1,66.1,6.34,15.45,7.94,11.84,15.15,1
StraightTrack,Gauss,17.38,78.08,5.51,12.06,8.46,12.17,15.14,0
StraightTrack,Gauss,17.82,70.22,4.68,15.52,7.71,11.46,15.22,1
ComplexTrack,Bayes,28.38,66.64,4.3,15.91,10.6,20.54,24.59,0
StraightTrack,Gauss,17.28,76.69,5.25,12.51,8.06,11.9,14.98,0
OvalTrack,Gauss,27.39,73.48,4.64,10.91,9.66,15.02,24.96,1
ComplexTrack,Bayes,27.44,66.37,4.26,15.72,10.73,19.91,23.84,0
OvalTrack,Nightingale,24.53,76.65,5.43,14.56,10.94,16.94,22.63,0
ComplexTrack,Gauss,28.76,77.41,4.69,12.21,11.2,19.98,24.72,0
OvalTrack,Nightingale,24.23,76.14,5.47,14.64,8.3,12.32,15.61,1
OvalTrack,Bayes,23.33,69.92,4.24,13.63,14.51,15.8,19.8,0
OvalTrack,Bayes,23.96,70.18,4.25,13.79,10.03,15.92,21.94,0
OvalTrack,Gauss,27.49,76.6,3.73,18.87,8.73,18.37,24.65,0
OvalTrack,Gauss,26.42,67.63,3.81,15.36,9.08,16.45,23.75,1
StraightTrack,Bayes,17.32,66.01,4.27,13.76,7.47,11.39,14.74,1
ComplexTrack,Gauss,30.36,65.97,4.65,11.64,10.85,22.24,26.44,0
OvalTrack,Bayes,27.11,68.8,4.27,18.91,12.06,18.89,25.03,0
OvalTrack,Nightingale,23.77,76.06,5.41,14.5,8.45,12.47,15.78,1
ComplexTrack,Gauss,28.5,76.44,4.66,18.2,11.83,21.25,24.7,0
ComplexTrack,Nightingale,29.25,66.8,5.47,17.45,11.54,21.11,25.58,0
OvalTrack,Bayes,23.66,70.11,4.27,13.6,10.06,15.83,21.62,0
ComplexTrack,Bayes,29.48,65.12,4.27,24.01,10.52,20.74,25.39,0
ComplexTrack,Bayes,27.99,66,4.24,15.61,10.8,20.04,24.32,0
OvalTrack,Gauss,22.56,76.34,4.66,11.46,9.68,14.83,20.56,1
ComplexTrack,Gauss,28.66,73.54,4.65,12.46,10.71,19.88,24.71,0
OvalTrack,Nightingale,24.1,75.22,5.72,14.79,10.8,16.6,22.2,0
StraightTrack,Bayes,17.39,65.91,4.24,13.74,7.44,11.3,14.78,1
OvalTrack,Nightingale,25.35,68.38,5.38,14.5,10.62,16.45,23.03,1
OvalTrack,Gauss,22.62,76.37,4.64,11.42,9.79,15.11,20.64,0
ComplexTrack,Gauss,27.29,74.29,4.64,15.9,10.74,19.65,23.15,0
StraightTrack,Gauss,29.11,74.91,17.13,23.71,20.21,23.89,26.86,0
StraightTrack,Nightingale,18.21,68.24,5.44,15.03,8.26,12.33,15.68,0
StraightTrack,Gauss,17.63,76.8,3.81,14.69,7.05,11.68,15.23,0
StraightTrack,Bayes,17.23,66.31,4.26,13.38,7.46,11.34,14.64,1
ComplexTrack,Nightingale,28.68,69.68,5.57,16.24,11.59,21.16,24.98,0
StraightTrack,Nightingale,18.11,69.1,5.4,14.29,8.27,12.29,15.61,0
ComplexTrack,Nightingale,28.17,68.75,5.47,15.88,11.44,20.34,24.61,0
OvalTrack,Bayes,22.95,69.67,4.26,13.56,9.49,15.24,20.92,0
ComplexTrack,Bayes,28.47,65.1,4.24,15.22,10.63,20.18,24.44,0
StraightTrack,Bayes,18.51,65.61,4.96,15.33,8.41,12.51,15.88,0
StraightTrack,Bayes,17.4,65.41,4.28,13.67,7.5,11.43,14.75,1
OvalTrack,Bayes,24.89,68.64,4.74,17.02,10.47,16.98,22.8,0
ComplexTrack,Bayes,27.46,68.02,4.27,15.77,10.51,19.9,23.71,0
ComplexTrack,Bayes,27.64,65.32,4.32,17.65,10.5,19.76,23.76,0
StraightTrack,Bayes,18.48,66.31,5.56,14.68,8.71,12.6,15.88,0
OvalTrack,Bayes,23.56,69.78,4.23,13.6,9.58,15.46,21.54,1
OvalTrack,Bayes,23.64,67.93,4.26,13.66,9.45,15.24,20.77,1
StraightTrack,Bayes,17.83,66.1,4.86,13.98,8.06,11.94,15.24,0
OvalTrack,Gauss,23.05,78.34,4.63,11.41,9.6,14.75,20.51,1
ComplexTrack,Nightingale,28.6,73.49,5.46,16.86,11.92,21.49,25.09,0
ComplexTrack,Bayes,28.8,65.27,4.29,18.93,10.58,20.78,25.11,0
StraightTrack,Bayes,17.4,65.85,4.25,13.9,7.43,11.37,14.8,1
StraightTrack,Nightingale,18.12,69.1,5.41,14.3,8.28,12.3,15.62,0
StraightTrack,Nightingale,18.66,69.42,5.96,14.83,8.82,12.84,16.12,0
OvalTrack,Bayes,24.57,69.71,4.25,13.63,10.17,16.23,22.52,0
OvalTrack,Gauss,25.21,70.43,4.63,11.41,9.78,15.89,22.68,1
ComplexTrack,Nightingale,29.68,71.62,6.76,19.26,12.93,22.39,26.3,0
ComplexTrack,Nightingale,27.86,71.22,5.51,15.87,11.47,20.33,23.76,0
OvalTrack,Nightingale,24.71,69.25,5.51,14.87,10.56,16.62,22.55,0
OvalTrack,Bayes,23.31,69.74,4.29,13.68,9.66,15.52,22.76,0
ComplexTrack,Gauss,28.68,69.8,4.68,17.51,10.58,20.11,23.93,0
StraightTrack,Gauss,17.38,77.27,5.86,12.43,8.2,12.05,15.12,0
ComplexTrack,Bayes,28.25,66.1,4.25,15.76,10.75,20.41,24.47,0
OvalTrack,Bayes,22.96,69.59,4.27,13.66,9.48,15.2,21.06,0
OvalTrack,Gauss,26.33,70.1,4.69,11.41,9.71,15.19,24.11,1
ComplexTrack,Gauss,28.18,76.73,4.66,11.88,11.15,19.39,23.75,0
StraightTrack,Nightingale,18.12,69.37,5.41,14.31,8.26,12.29,15.61,0
StraightTrack,Gauss,17.68,64.97,4.67,11.22,7.71,11.35,14.55,1
ComplexTrack,Gauss,29.41,67.58,4.66,18.26,11.06,20.87,25.05,0
StraightTrack,Nightingale,18.11,69.4,5.42,14.31,8.28,12.29,15.62,0
StraightTrack,Gauss,18.02,75.71,6.07,12.64,9.12,12.77,15.74,0
StraightTrack,Nightingale,18.13,68.98,5.41,14.33,8.28,12.3,15.61,0
ComplexTrack,Bayes,28.74,67.17,4.42,15.66,11.28,21.07,25.02,0
ComplexTrack,Gauss,27.52,77.67,4.71,11.88,10.57,19.67,23.43,0
OvalTrack,Gauss,25.65,76.42,3.75,15.1,8.27,12.29,15.61,1
StraightTrack,Nightingale,18.13,69.16,5.43,14.3,8.28,12.3,15.63,0
StraightTrack,Nightingale,18.11,69.2,5.41,14.28,8.27,12.3,15.61,0
OvalTrack,Gauss,27.37,70.97,3.75,8.79,8.79,15.91,24.58,1
ComplexTrack,Bayes,28.9,65.99,5.29,18.41,11.51,20.96,25.04,0
StraightTrack,Gauss,19.12,75.42,4.52,15.65,8.65,13.29,16.71,0
StraightTrack,Gauss,23.01,73.78,4.72,11.36,7.77,11.46,14.43,1
ComplexTrack,Nightingale,28.38,67.41,5.44,15.82,11.47,20.42,24.74,0
OvalTrack,Gauss,29.61,76.72,4.65,11.38,10,15.23,26.29,1
OvalTrack,Bayes,24.23,68.64,4.45,13.83,9.89,15.8,21.91,1
ComplexTrack,Gauss,28.83,76.06,3.75,9.07,7,10.27,12.92,1
StraightTrack,Bayes,17.72,65.47,4.75,13.87,7.93,11.84,15.14,0
StraightTrack,Nightingale,18.3,68.9,5.49,14.74,8.33,12.41,15.78,0
OvalTrack,Bayes,24.19,70.32,4.26,13.64,10.01,16.04,22.16,0
ComplexTrack,Gauss,28.75,69.25,4.81,12.67,10.86,20.32,25.12,0
ComplexTrack,Nightingale,27.81,73.21,5.46,18.39,11.54,20.86,24.55,0
ComplexTrack,Bayes,28.73,66.4,4.66,15.98,11.21,20.58,24.66,0
ComplexTrack,Gauss,29.6,69.29,3.77,28.42,14.54,15.72,22.05,1
ComplexTrack,Bayes,27.49,66.17,4.26,15.91,10.83,20.05,23.8,0
ComplexTrack,Nightingale,26.87,73.45,5.42,15.83,11.37,20.06,23.61,0
OvalTrack,Gauss,26.5,76.67,3.77,8.75,8.28,12.55,15.98,1
StraightTrack,Nightingale,18.13,69.27,5.42,14.3,8.29,12.3,15.63,0
ComplexTrack,Gauss,27.52,73.02,4.71,12.49,10.76,19.68,23.67,0
OvalTrack,Bayes,24.32,65.08,4.32,13.68,9.75,15.55,22.05,1
ComplexTrack,Nightingale,27.37,73.32,5.46,16.05,11.6,20.41,23.97,0
ComplexTrack,Bayes,28.05,66.23,4.26,15.1,9.22,13.77,19.04,1
OvalTrack,Bayes,24.56,70.5,4.27,13.68,9.83,15.92,22.59,1
OvalTrack,Bayes,23.37,69.79,4.24,13.6,9.61,15.42,21.18,1
ComplexTrack,Gauss,27.46,75.19,4.69,17.28,10.79,20.14,23.86,0
OvalTrack,Bayes,23.56,66.1,4.26,13.62,9.51,15.26,21.39,1
StraightTrack,Nightingale,18.21,69,5.42,14.55,8.24,12.33,15.65,0
ComplexTrack,Nightingale,29.5,67.59,5.47,17.51,11.34,21.08,24.87,0
ComplexTrack,Gauss,27.73,72.97,4.65,13.11,10.75,19.11,23.81,0
OvalTrack,Nightingale,24.76,76.4,5.93,15.06,11.43,17.23,22.85,0
ComplexTrack,Bayes,27.15,67.47,4.26,15.26,10.56,19.73,23.63,0
OvalTrack,Bayes,23.1,69.87,4.28,13.6,9.58,15.28,21.05,0
OvalTrack,Nightingale,24.73,76.86,5.48,14.64,10.88,16.81,22.84,0
StraightTrack,Nightingale,18.11,69.06,5.42,14.29,8.27,12.29,15.62,0
ComplexTrack,Gauss,27.74,72.22,4.69,12.42,10.7,19.07,22.57,0
StraightTrack,Bayes,17.48,65.13,4.37,13.97,7.61,11.55,14.9,0
OvalTrack,Bayes,23.34,69.72,4.25,13.59,9.67,15.51,21.3,0
StraightTrack,Gauss,17.28,76.83,5.14,12.24,8.23,11.94,14.99,0
StraightTrack,Nightingale,18.81,66.2,6.44,15.27,8.24,12.33,15.65,1
OvalTrack,Gauss,29.71,70.94,7.22,21.61,12.66,20.46,27.43,0
StraightTrack,Gauss,17.49,78.33,5.52,12.1,8.59,12.26,15.25,0
OvalTrack,Nightingale,25.18,72.39,5.47,16.08,10.57,16.84,23.06,0
OvalTrack,Gauss,25.24,77.12,4.34,9.32,9.35,14.24,22.71,1
StraightTrack,Nightingale,18.12,69.35,5.41,14.36,8.25,12.3,15.6,0
OvalTrack,Nightingale,23.72,75.62,5.41,14.61,10.46,16.28,21.79,0
OvalTrack,Bayes,23.39,69.84,4.25,13.65,9.64,15.44,21.36,0
StraightTrack,Nightingale,18.11,69.34,5.46,14.3,8.28,12.29,15.6,0
OvalTrack,Gauss,24.19,76.16,4.63,11.38,9.73,15.03,21.92,1
StraightTrack,Gauss,18.98,67.59,4.75,16.52,7.84,12.63,16.37,0
ComplexTrack,Nightingale,30.68,66.52,5.46,16.18,12.04,21.7,26.43,0
OvalTrack,Nightingale,24.33,76.36,5.44,14.66,10.79,16.66,22.44,0
OvalTrack,Nightingale,24.6,76.39,5.74,14.91,11.11,17.06,22.73,0
StraightTrack,Bayes,17.88,65.84,5.35,14.5,7.88,11.9,15.26,0
ComplexTrack,Gauss,28.16,74.94,4.66,11.98,11.11,19.48,23.9,0
OvalTrack,Bayes,23.97,70.22,4.27,13.68,9.78,15.72,21.96,1
ComplexTrack,Nightingale,27.2,72.41,5.49,16.03,11.48,20.23,23.69,0
OvalTrack,Gauss,22.94,76.39,3.81,10.37,8.84,14,20.18,1
StraightTrack,Nightingale,18.25,68.32,5.41,14.87,8.31,12.31,15.69,0
ComplexTrack,Nightingale,29.57,68.5,5.45,20.7,11.54,21.87,25.88,0
OvalTrack,Gauss,24.82,77.71,4.64,11.4,9.83,15.13,22.2,1
ComplexTrack,Bayes,28.36,66.46,4.26,16.41,9.12,13.89,19.09,1
ComplexTrack,Nightingale,26.84,74.31,5.46,15.65,11.41,20.06,23.54,0
ComplexTrack,Nightingale,28.35,69.58,5.45,15.78,11.61,20.54,24.86,0
ComplexTrack,Nightingale,28.59,74.77,5.48,16.07,12.21,21.55,25.05,0
ComplexTrack,Gauss,27.54,76.82,4.94,13.62,11.51,20.14,23.92,0
ComplexTrack,Bayes,27.95,68.04,4.26,15.69,10.99,20.18,24.22,0
OvalTrack,Gauss,28.94,65.44,4.67,11.41,10.14,15.91,26.61,1
ComplexTrack,Bayes,27.67,65.74,4.24,15.72,10.72,19.8,23.87,0
StraightTrack,Bayes,17.26,66.13,4.25,13.5,7.46,11.36,14.68,1
ComplexTrack,Gauss,29.26,75.06,4.71,11.99,10.95,19.19,25.36,1
StraightTrack,Bayes,17.32,64.95,4.27,13.54,7.47,11.37,14.69,1
ComplexTrack,Nightingale,27.84,73.7,5.48,16.11,11.66,20.51,24.27,0
OvalTrack,Bayes,23.98,70.29,4.25,13.59,9.88,15.86,21.98,0
OvalTrack,Gauss,25.65,73.09,3.78,8.79,8.64,13.94,22.87,1
ComplexTrack,Bayes,27.6,65.83,4.34,18.22,10.54,19.8,23.72,0
StraightTrack,Bayes,17.39,66.21,4.55,13.68,7.59,11.5,14.83,0
ComplexTrack,Nightingale,28.49,71.79,5.47,16.37,11.95,21.35,25.15,0
ComplexTrack,Gauss,29.68,73.35,4.63,11.94,11.21,21.26,25.18,0
ComplexTrack,Nightingale,29.84,74.46,7.23,19.47,12.61,22.6,26.57,0
ComplexTrack,Gauss,27.35,73.57,4.66,11.96,10.99,19.51,23.61,0
OvalTrack,Bayes,23.59,69.86,4.26,13.61,9.69,15.6,21.58,0
ComplexTrack,Bayes,28.63,67.76,4.26,15.55,10.79,20.38,24.63,0
StraightTrack,Bayes,17.53,65.24,4.56,13.82,7.78,11.65,14.98,0
StraightTrack,Bayes,19.23,65.11,7.2,16.32,8.96,13.17,16.6,0
StraightTrack,Nightingale,18.12,69.16,5.41,14.29,8.26,12.29,15.62,0
StraightTrack,Nightingale,19.99,65.81,5.43,18.08,8.4,13.59,17.28,0
StraightTrack,Bayes,17.25,65.88,4.25,13.37,7.46,11.31,14.61,1
ComplexTrack,Gauss,28.01,69.05,4.64,12.96,10.76,19.19,23.04,0
ComplexTrack,Bayes,26.89,67.35,4.3,15.33,10.49,19.45,23.32,0
OvalTrack,Nightingale,24.09,76.51,5.43,14.54,10.72,16.73,22.24,0
OvalTrack,Nightingale,23.98,74.6,5.49,14.6,10.48,16.3,22.07,0
StraightTrack,Gauss,17.23,77.48,5.02,12.16,8.14,11.93,14.98,0
ComplexTrack,Nightingale,27.32,73,5.4,16.2,11.39,20.42,23.84,0
ComplexTrack,Nightingale,28.33,70.96,5.47,15.94,11.56,20.72,24.9,0
OvalTrack,Gauss,27.39,67.99,4.71,11.66,9.94,17.48,25.24,1
StraightTrack,Gauss,18.49,71.44,6.38,12.96,9.09,12.84,15.87,0
StraightTrack,Nightingale,20.82,68.55,8.5,17.41,10.72,14.91,18.29,0
OvalTrack,Gauss,22.87,71.4,4.64,11.4,9.63,14.83,20.83,1
ComplexTrack,Bayes,28.56,67.12,4.26,20.06,10.76,20.74,24.81,0
ComplexTrack,Bayes,28.16,68.17,4.57,15.73,11.18,20.37,24.31,0
OvalTrack,Bayes,23.22,69.68,4.26,13.6,9.57,15.35,21.19,0
ComplexTrack,Gauss,26.72,76.85,4.65,12.49,10.81,19.42,23.42,0
OvalTrack,Gauss,24.28,76.27,6.38,11.85,10.69,15.66,21.63,1
OvalTrack,Bayes,23.2,68.63,4.26,13.93,9.51,15.36,21.1,0
StraightTrack,Bayes,17.22,66.29,4.25,13.37,7.46,11.32,14.64,1
ComplexTrack,Bayes,27.25,67.82,4.28,15.6,10.52,19.76,23.7,0
StraightTrack,Nightingale,19.97,69.38,7.34,16.14,10.08,14.14,17.48,0
ComplexTrack,Gauss,30.63,69.46,4.65,20.17,11.81,22.05,26.24,0
StraightTrack,Gauss,25.98,73.67,4.66,11.23,7.73,11.4,14.41,1
StraightTrack,Gauss,17.28,74.96,4.73,11.85,7.85,11.73,14.88,0
OvalTrack,Gauss,25.88,74.63,4.66,11.41,9.77,14.91,23.29,1
ComplexTrack,Gauss,27.62,74.6,4.69,12.67,10.56,19.37,24,0
StraightTrack,Gauss,21.38,71.09,4.65,11.25,7.7,11.38,14.33,1
OvalTrack,Bayes,24.47,70.46,4.31,13.66,10.01,16.15,22.42,1
ComplexTrack,Bayes,26.86,67.94,4.28,15.5,10.5,19.53,23.38,0
OvalTrack,Nightingale,24.27,76.02,5.6,14.7,10.77,16.61,22.36,0
ComplexTrack,Nightingale,28.51,70.06,5.48,16.67,10.72,20.67,24.31,0
ComplexTrack,Gauss,27.2,74.17,4.68,12.24,10.62,19.05,23.4,0
OvalTrack,Nightingale,24.83,77.26,5.38,14.49,10.8,17.06,22.96,0
StraightTrack,Bayes,19.01,65.55,6.06,15.2,9.26,13.13,16.45,0
ComplexTrack,Gauss,28.23,74.32,4.69,12,11.25,19.96,24.8,0
ComplexTrack,Nightingale,29.14,70.46,5.44,17.2,11.97,21.6,25.64,0
ComplexTrack,Nightingale,27.04,72.77,5.43,16.2,11.47,20.33,23.88,0
OvalTrack,Bayes,23.16,66.92,4.28,13.6,9.39,15.11,20.96,1
ComplexTrack,Bayes,26.97,66.19,4.24,15.36,10.53,19.47,23.33,0
OvalTrack,Gauss,28.07,68.67,4.62,14.62,10.34,16.47,25.5,1
ComplexTrack,Nightingale,28.22,70.38,5.51,16.68,11.55,20.84,24.66,0
StraightTrack,Bayes,23.41,66.27,10.43,19.54,13.65,17.52,20.83,0
OvalTrack,Nightingale,24.19,69.71,5.48,14.72,10.36,16.24,22.05,0
OvalTrack,Bayes,23.05,69.83,4.25,13.59,9.56,15.28,21.03,0
StraightTrack,Nightingale,18.1,69.4,5.4,14.29,8.26,12.27,15.61,0
StraightTrack,Gauss,18.74,70.3,4.74,16.29,8.27,12.41,16.19,0
OvalTrack,Gauss,24.19,73.87,4.62,13.33,10.11,16.04,22.2,0
StraightTrack,Bayes,17.25,66.23,4.27,13.44,7.47,11.34,14.66,1
ComplexTrack,Bayes,27.82,67.39,4.26,14.74,10.81,19.85,23.76,0
StraightTrack,Gauss,17.26,71.91,4.84,12.01,7.81,11.64,14.76,0
ComplexTrack,Bayes,27.82,66.63,4.26,16.16,10.86,20.16,24.14,0
StraightTrack,Gauss,18.27,78.45,6.35,12.93,9.41,13.09,16.07,0
OvalTrack,Gauss,25.81,74.69,4.68,11.48,9.64,14.92,23.18,1
OvalTrack,Bayes,23.97,70.11,4.25,13.61,9.69,15.65,21.95,1
OvalTrack,Nightingale,28.8,70.53,5.44,14.55,10.69,16.67,24.66,1
StraightTrack,Bayes,17.59,64.94,4.26,14.96,7.46,11.48,14.94,1
OvalTrack,Bayes,23.04,69.84,4.26,13.56,9.49,15.29,21.02,0
StraightTrack,Nightingale,18.12,69.37,5.45,14.32,8.22,12.27,15.61,0
StraightTrack,Nightingale,18.1,69.4,5.41,14.28,8.26,12.3,15.6,0
ComplexTrack,Nightingale,29.37,72.22,5.48,16.17,11.52,20.81,24.49,0
StraightTrack,Nightingale,18.12,69.34,5.45,14.29,8.28,12.3,15.6,0
ComplexTrack,Gauss,26.28,76.45,4.65,12.67,10.86,19.53,23.09,0
OvalTrack,Bayes,24.96,67.36,4.29,13.67,10.13,16.18,22.48,1
OvalTrack,Gauss,24.76,67.9,4.63,12.08,9.81,15.41,22.05,1
StraightTrack,Nightingale,18.13,69.4,5.42,14.3,8.29,12.3,15.63,0
StraightTrack,Gauss,17.91,73.12,4.63,11.26,7.7,11.4,14.36,1
ComplexTrack,Bayes,27.6,67.45,4.25,15.57,10.51,19.49,23.31,0
StraightTrack,Gauss,20.78,75.29,4.86,11.21,8.07,11.57,14.5,1
OvalTrack,Bayes,23.65,69.28,4.27,13.64,9.79,15.79,21.62,0
ComplexTrack,Bayes,27.92,66.86,4.28,16.17,10.75,20.17,24.19,0
StraightTrack,Gauss,18.62,76.72,7.22,13.81,9.39,13.32,16.38,0
StraightTrack,Bayes,17.23,66.3,4.28,13.4,7.48,11.35,14.66,1
StraightTrack,Gauss,23.23,70.5,3.75,20.88,7.92,11.38,14.12,1
OvalTrack,Gauss,26.57,75.93,3.78,16.56,11.04,18.27,24.58,0
ComplexTrack,Nightingale,27.23,73.05,5.47,15.61,11.41,20.14,23.71,0
StraightTrack,Bayes,17.57,65.8,4.52,14.06,7.71,11.64,14.98,0
OvalTrack,Nightingale,25.38,77.66,5.39,14.59,11.32,17.45,23.56,0
ComplexTrack,Gauss,28.95,71.47,5.59,13.38,11.28,20.66,25.2,0
ComplexTrack,Gauss,28.06,70.12,4.66,12.23,10.78,19.49,23.93,0
StraightTrack,Bayes,17.46,66.12,4.5,13.63,7.71,11.58,14.89,0
ComplexTrack,Nightingale,28.41,71.82,5.45,16.12,9.59,19.09,23.51,0
OvalTrack,Nightingale,24.19,76.27,5.41,14.56,10.81,16.81,22.33,0
StraightTrack,Gauss,22.27,77.87,10.38,17.07,13.17,16.92,19.99,0
OvalTrack,Bayes,23.23,69.69,4.27,13.6,9.61,15.37,21.21,0
ComplexTrack,Nightingale,28.2,73.28,5.54,15.89,11.92,21.28,24.95,0
ComplexTrack,Nightingale,28.1,72.78,5.46,15.87,10.18,19.54,23.52,0
OvalTrack,Bayes,24.28,70.21,4.7,14.06,10.4,16.23,22.26,0
StraightTrack,Gauss,17.45,77.1,6.03,12.58,8.2,12.1,15.16,0
ComplexTrack,Nightingale,27.35,74.25,5.47,16.76,11.73,20.54,24.18,0
StraightTrack,Gauss,17.51,67.67,4.79,11.36,7.86,11.51,14.85,1
OvalTrack,Nightingale,24.2,76.32,5.4,14.6,10.8,16.72,22.34,0
StraightTrack,Nightingale,18.12,68.28,5.41,14.29,8.29,13.52,17.94,0
OvalTrack,Gauss,27.15,71.88,4.15,9.19,9.28,16.88,24.8,1
OvalTrack,Bayes,22.76,68.99,4.26,13.55,9.66,15.35,21.15,0
StraightTrack,Nightingale,18.11,69.06,5.41,14.3,8.28,12.3,15.61,0
OvalTrack,Nightingale,25.48,69.81,5.5,14.61,10.71,16.62,23.02,1
StraightTrack,Gauss,19.44,70.15,5.79,16.3,8.36,13.43,16.96,0
StraightTrack,Gauss,19.81,78.44,7.85,14.42,10.94,14.59,17.57,0
StraightTrack,Bayes,17.5,65.82,4.75,13.95,6.98,10.26,12.9,1
StraightTrack,Bayes,18.24,65.87,5.3,14.41,8.49,12.36,15.68,0
ComplexTrack,Gauss,29.95,76.07,4.68,18.14,10.72,21.1,24.43,0
ComplexTrack,Gauss,27.45,73.95,4.76,12.67,10.86,19.72,23.7,0
ComplexTrack,Gauss,27.33,74.83,4.65,13.77,10.83,19.33,23.76,0
StraightTrack,Gauss,24.12,77.73,12.16,18.74,15.25,18.88,21.88,0
ComplexTrack,Nightingale,30.57,68.68,5.53,20.44,11.54,22.27,26.44,0
ComplexTrack,Gauss,26.92,75.86,4.66,15.9,10.8,19.67,23.12,0
ComplexTrack,Bayes,26.94,66.39,4.27,15.45,10.49,19.33,23.28,0
ComplexTrack,Bayes,28.09,67.92,4.26,15.4,10.83,20.33,24.39,0
OvalTrack,Nightingale,23.74,75.01,5.46,14.57,7.14,10.43,13.09,1
OvalTrack,Gauss,23.81,77.92,3.75,8.73,9.03,14.48,21.91,1
ComplexTrack,Nightingale,28.08,76.97,5.47,18.14,11.47,20.96,24.67,0
StraightTrack,Nightingale,18.12,69.3,5.42,14.3,8.27,12.3,15.63,0
OvalTrack,Bayes,25.16,66.56,4.25,13.56,17.65,18.96,22.26,0
ComplexTrack,Gauss,29.38,75.76,3.8,15.8,7.08,10.38,13.05,1
OvalTrack,Bayes,23.61,69.48,4.25,13.61,9.81,15.73,21.58,0
ComplexTrack,Bayes,28.88,64.91,4.25,15.95,11.28,23.27,28.57,0
ComplexTrack,Nightingale,27.6,74.58,5.49,17.51,9.78,18.02,20.18,1
OvalTrack,Nightingale,23.6,75.56,5.41,14.53,10.51,16.28,21.7,0
ComplexTrack,Nightingale,27.27,75.25,5.47,15.82,11.54,20.19,23.97,0
ComplexTrack,Bayes,26.86,67.8,4.29,15.38,10.54,19.55,23.36,0
OvalTrack,Bayes,23.74,68.65,4.31,13.78,9.57,15.53,21.19,1
ComplexTrack,Nightingale,27.44,74.52,5.45,15.8,11.53,20.53,24,0
OvalTrack,Bayes,23.67,64.91,4.26,13.65,9.6,15.24,21.46,1
StraightTrack,Nightingale,18.35,69.17,6.03,15.02,8.36,12.35,15.69,0
ComplexTrack,Bayes,26.72,67.89,4.26,15.63,10.5,19.51,23.25,0
StraightTrack,Gauss,19.27,73.33,7.52,14.1,10,13.82,16.87,0
StraightTrack,Gauss,30.14,74.73,9.3,14.2,6.98,10.26,12.89,1
OvalTrack,Nightingale,29.77,69.16,5.48,14.55,7.46,11.33,14.64,1
OvalTrack,Bayes,24.18,70.27,4.25,13.69,10.07,16.01,22.17,0
ComplexTrack,Bayes,29.13,66.03,4.28,15.48,10.64,19.99,24.19,0
ComplexTrack,Gauss,29.38,68.75,4.71,16.86,11.06,20.16,24.7,0
ComplexTrack,Bayes,28.65,67.63,4.25,15.75,11.12,20.77,24.89,0
ComplexTrack,Bayes,27.07,66.45,4.26,15.3,10.51,19.45,23.3,0
StraightTrack,Bayes,17.91,65.59,5.5,14.6,7.88,11.92,15.31,0
OvalTrack,Nightingale,23.86,75.97,5.4,14.56,10.56,16.38,21.98,0
ComplexTrack,Nightingale,29.09,71.39,5.49,16.57,7.46,11.31,14.65,1
OvalTrack,Bayes,24.87,66.14,4.24,13.69,9.67,15.51,22.36,1
OvalTrack,Nightingale,24.06,76.36,5.41,14.51,10.53,16.43,22.19,0
ComplexTrack,Nightingale,27.25,73.94,5.46,15.86,11.58,20.33,23.86,0
StraightTrack,Bayes,17.25,65.22,4.28,13.41,7.39,11.31,14.59,1
OvalTrack,Nightingale,26.22,70.42,5.42,14.62,10.72,16.86,23.57,1
OvalTrack,Nightingale,25.22,68.87,5.43,14.6,10.48,16.35,22.8,1
ComplexTrack,Nightingale,27.18,74.67,5.46,16.12,7.01,10.3,13,1
ComplexTrack,Bayes,28.48,65.89,4.26,16.11,10.53,20.34,24.43,0
StraightTrack,Gauss,24.5,75.53,4.66,11.21,7.73,11.38,14.36,1
OvalTrack,Gauss,24.14,77.01,4.63,11.36,9.84,15.16,21.88,1
ComplexTrack,Gauss,28.34,74.81,4.66,12.08,10.96,19.86,24.09,0
OvalTrack,Nightingale,27.52,66.26,5.48,16.68,10.3,16.5,24.42,1
OvalTrack,Gauss,30.93,70.9,4.5,13.82,9.37,15.18,28.07,1
StraightTrack,Nightingale,18.12,69.4,5.44,14.3,8.27,12.27,15.62,0
ComplexTrack,Gauss,27.42,69.99,3.8,9.08,9.63,18.17,22.14,0
ComplexTrack,Nightingale,28.45,69.06,5.46,15.88,11.74,20.68,24.77,0
StraightTrack,Gauss,17.29,71.33,4.66,11.7,7.8,11.57,14.76,0
StraightTrack,Bayes,18.02,66.17,5.02,14.38,8.22,12.13,15.49,0
StraightTrack,Bayes,17.24,66.17,4.29,13.44,7.47,11.36,14.65,1
OvalTrack,Bayes,23.79,70.13,4.26,13.64,9.64,15.61,21.78,1
OvalTrack,Nightingale,24.44,76.8,5.4,14.5,10.78,16.77,22.56,0
StraightTrack,Nightingale,18.12,69.34,5.45,14.3,8.27,12.29,15.61,0
ComplexTrack,Gauss,27.65,73.81,3.89,16.35,10.68,16.54,23.03,1
ComplexTrack,Nightingale,30.09,69.56,5.76,17.57,12.3,21.83,26.26,0
ComplexTrack,Nightingale,27,71.62,5.46,16.08,11.4,20.16,23.74,0
ComplexTrack,Nightingale,28.43,71.42,5.49,15.72,11.43,20.47,24.05,0
StraightTrack,Nightingale,18.1,69.27,5.45,14.29,8.24,12.28,15.61,0
OvalTrack,Nightingale,27.91,67.91,5.41,24.02,10.73,18.63,25.72,0
StraightTrack,Bayes,17.24,66.24,4.28,13.42,7.48,11.34,14.68,1
ComplexTrack,Bayes,28.05,67.33,4.25,15.85,10.86,20.27,24.25,0
ComplexTrack,Bayes,28.14,67.1,4.27,15.42,10.76,20.17,24.42,0
ComplexTrack,Bayes,27.79,67.46,4.24,15.04,10.92,20.14,23.88,0
StraightTrack,Nightingale,18.13,67.16,5.45,14.4,8.27,12.29,15.62,0
ComplexTrack,Nightingale,29.23,66.43,5.52,18.95,12.48,22.81,27.43,0
ComplexTrack,Bayes,28.6,67.04,4.26,15.77,11.09,20.47,24.34,0
OvalTrack,Nightingale,25.17,75.35,7.28,16.36,11.98,17.8,23.29,0
OvalTrack,Nightingale,24.93,67.92,5.45,14.66,10.47,16.48,22.77,0
StraightTrack,Bayes,17.42,66.28,4.47,13.62,7.66,11.54,14.85,0
ComplexTrack,Nightingale,28.29,71.78,5.44,16,11.6,20.54,24.14,0
ComplexTrack,Gauss,27.63,72.92,4.7,12.92,10.91,19.19,23.57,0
StraightTrack,Gauss,17.56,72.2,4.65,14.62,7.73,11.55,15.1,1
StraightTrack,Gauss,17.23,77.81,5.52,12.08,8.19,11.98,14.97,0
OvalTrack,Nightingale,24.17,75.97,5.44,14.57,10.56,16.51,22.28,0
OvalTrack,Nightingale,23.77,76.06,5.44,14.47,10.56,16.42,21.89,0
OvalTrack,Nightingale,24.81,76.18,5.45,14.53,7.75,11.59,14.89,1
ComplexTrack,Gauss,28.86,71.07,4.71,17.46,10.83,20.91,24.86,0
OvalTrack,Gauss,23.82,75.38,4.64,11.38,9.91,15.05,21.68,1
StraightTrack,Nightingale,18.12,69.34,5.42,14.3,8.28,12.29,15.61,0
ComplexTrack,Gauss,30.91,78.14,4.65,22.87,10.87,23.77,27.72,0
OvalTrack,Gauss,26.97,69.51,5.45,16.6,10.93,17.78,24.72,1
StraightTrack,Bayes,17.72,66.27,4.78,13.99,7.94,11.84,15.15,0
ComplexTrack,Gauss,27.68,73.79,4.64,12.64,10.73,19.31,23.88,0
OvalTrack,Gauss,24.53,77.69,4.64,11.3,9.75,14.85,21.71,1
OvalTrack,Bayes,22.82,69.64,4.29,13.54,9.46,15.18,20.79,0
ComplexTrack,Nightingale,27.44,73.74,5.46,18.21,11.34,20.44,24.14,0
ComplexTrack,Bayes,27.92,67.09,4.24,15.57,10.78,20.37,24.31,0
ComplexTrack,Nightingale,28.97,69.25,5.54,16.69,11.4,20.66,24.35,0
OvalTrack,Bayes,23.2,69.7,4.25,13.63,9.7,15.45,21.15,0
OvalTrack,Bayes,23.49,69.58,4.25,13.74,9.75,15.83,21.45,0
OvalTrack,Gauss,29.38,77.43,4.7,11.45,9.81,15.13,25.17,1
OvalTrack,Bayes,23.88,70.14,4.26,13.66,9.74,15.73,21.88,1
StraightTrack,Nightingale,18.11,69.13,5.41,14.29,8.27,12.28,15.6,0
OvalTrack,Gauss,23.47,77.44,3.76,8.76,14.62,15.8,21.06,0
OvalTrack,Gauss,22.13,76.7,4.63,11.39,9.72,14.96,20.23,0
OvalTrack,Gauss,25.49,75.67,4.63,11.38,9.77,14.95,23.07,1
StraightTrack,Bayes,17.28,65.14,4.26,13.54,7.4,11.31,14.68,1
StraightTrack,Nightingale,18.42,67.14,5.45,14.93,8.31,12.42,15.8,0
StraightTrack,Nightingale,18.11,69.4,5.41,14.28,8.28,12.29,15.61,0
ComplexTrack,Bayes,26.91,67.17,4.29,15.05,10.4,19.5,23.28,0
StraightTrack,Nightingale,18.11,68.67,5.42,14.39,8.28,12.32,15.54,0
ComplexTrack,Bayes,26.73,65.85,4.28,15.31,10.55,19.32,23.18,0
OvalTrack,Nightingale,26.5,70.35,5.5,14.6,15.8,17.19,20.33,1
OvalTrack,Nightingale,23.83,76.22,5.44,14.53,10.49,16.36,21.98,0
StraightTrack,Nightingale,18.18,66.21,5.41,14.33,8.26,12.3,15.61,0
ComplexTrack,Bayes,29.65,66.59,4.26,15.07,10.87,20.22,23.9,0
ComplexTrack,Gauss,28.56,71,4.72,12.04,10.67,19.57,23.38,0
StraightTrack,Bayes,17.35,66.31,4.38,13.51,7.6,11.46,14.76,0
ComplexTrack,Gauss,26.86,76.38,4.82,15.19,11.04,19.95,23.54,0
ComplexTrack,Gauss,27.86,74.2,4.66,12.64,10.79,19.39,23.86,0
ComplexTrack,Gauss,29.99,74.94,4.65,17.19,12.75,22.2,26.37,0
ComplexTrack,Nightingale,29.15,70.33,5.48,18.02,11.54,21.07,24.81,0
OvalTrack,Bayes,24.57,70.4,4.3,13.64,9.93,16.03,22.57,1
OvalTrack,Nightingale,23.93,76.22,5.41,14.52,10.74,16.58,22.06,0
OvalTrack,Gauss,21.91,77.24,4.65,11.4,9.65,14.87,20.03,0
ComplexTrack,Bayes,27.07,68.64,4.3,15.29,10.65,19.64,23.42,0
ComplexTrack,Nightingale,28.84,72.7,5.49,16.88,12.21,22.17,24.75,0
StraightTrack,Nightingale,18.11,69.37,5.45,14.31,8.25,12.28,15.6,0
OvalTrack,Gauss,23.53,73.31,4.66,11.4,9.65,15.04,21.26,1
ComplexTrack,Bayes,30.75,65.35,4.31,16.29,10.91,20.16,24.66,1
StraightTrack,Bayes,17.74,66.32,4.8,13.9,7.99,11.86,15.17,0
StraightTrack,Nightingale,18.56,68.19,5.44,15.26,8.28,12.55,15.98,0
ComplexTrack,Bayes,27.95,68.07,4.25,15.28,10.69,20.39,24.21,0
StraightTrack,Gauss,18.3,73.23,4.76,14.94,7.81,12.41,15.86,0
ComplexTrack,Bayes,29.65,65.4,4.27,20.5,10.98,21.28,25.51,0
ComplexTrack,Gauss,30.29,70.2,4.74,12.94,10.73,20.86,26.48,0
OvalTrack,Nightingale,24.45,75.42,5.39,14.51,10.81,16.55,22.52,0
ComplexTrack,Bayes,27.57,67.58,4.26,16.61,10.77,20.09,24.11,0
StraightTrack,Gauss,18.1,68.92,4.64,15.91,7.71,12.04,15.44,0
OvalTrack,Gauss,24.66,73.04,3.82,13.6,8.3,12.36,15.7,1
StraightTrack,Bayes,18.13,66.25,5.15,14.33,8.35,12.23,15.55,0
StraightTrack,Bayes,25.39,67.57,11.12,20.24,6.95,10.25,12.88,1
StraightTrack,Bayes,17.22,66.16,4.28,13.39,7.47,11.34,14.65,1
OvalTrack,Nightingale,23.71,75.78,5.43,14.58,10.54,16.33,21.81,0
OvalTrack,Nightingale,24.24,76.19,5.43,14.58,10.68,16.59,22.38,0
OvalTrack,Nightingale,25.46,75.88,5.41,16.32,11.27,17.49,23.58,0
StraightTrack,Bayes,17.22,66.31,4.25,13.4,7.46,11.34,14.63,1
ComplexTrack,Nightingale,29.58,66.15,5.58,19.36,8.04,11.59,14.38,1
ComplexTrack,Gauss,28.43,72.09,5.16,12.41,11.46,20.34,24.73,0
OvalTrack,Nightingale,23.72,76.07,5.41,14.52,10.52,16.41,21.85,0
StraightTrack,Gauss,20.24,75.03,3.76,8.98,7.31,12.66,17.73,1
OvalTrack,Gauss,23.53,75.17,4.66,11.38,9.7,14.86,21.25,1
OvalTrack,Gauss,27.52,70.16,4.65,12.47,9.8,17.24,25.42,1
ComplexTrack,Bayes,26.53,67.25,4.25,15.3,10.52,19.29,22.95,0
ComplexTrack,Bayes,28.33,64.84,4.28,16.62,10.49,20.15,24.41,0
ComplexTrack,Nightingale,27,74.5,5.46,15.8,11.47,20.25,23.69,0
StraightTrack,Gauss,17.85,67.29,4.72,14.09,7.78,11.54,15.02,1
StraightTrack,Gauss,18.43,65.74,4.67,14.08,7.75,12.08,15.41,1
OvalTrack,Nightingale,25.68,67.47,5.43,14.63,10.59,16.42,23.17,1
StraightTrack,Nightingale,18.05,69.3,5.49,14.35,8.27,12.27,15.59,0
ComplexTrack,Nightingale,28.35,70.59,5.47,16.04,11.58,20.75,24.55,0
ComplexTrack,Bayes,27.95,67.16,4.26,15.76,10.73,20.27,24.17,0
ComplexTrack,Nightingale,29.81,66.45,5.51,16.23,11.86,21.19,25.81,0
ComplexTrack,Bayes,29.62,65.15,4.25,25.78,10.62,21.05,25.92,0
ComplexTrack,Nightingale,28.76,73.92,5.57,18.21,11.77,21.31,25.33,0
OvalTrack,Nightingale,24.03,75.51,5.41,14.59,8.27,12.29,15.57,1
StraightTrack,Nightingale,18.16,69.08,5.42,14.53,8.28,12.29,15.63,0
ComplexTrack,Bayes,26.8,68.29,4.28,15.48,10.51,19.58,23.3,0
StraightTrack,Bayes,18.37,66.04,5.39,14.55,8.58,12.47,15.78,0
StraightTrack,Bayes,17.22,66.32,4.26,13.38,7.45,11.3,14.64,1
StraightTrack,Gauss,23.03,65.99,3.74,21.48,6.97,15.94,20.33,0
OvalTrack,Bayes,23.31,66.45,4.28,13.54,9.44,15.2,21.15,1
OvalTrack,Nightingale,25.17,69.8,5.46,14.52,10.28,16.06,22.4,1
OvalTrack,Bayes,26.47,66.76,4.35,20.86,10.46,17.59,24.32,0
OvalTrack,Bayes,23.49,69.86,4.24,13.63,9.81,15.69,21.48,0
StraightTrack,Nightingale,18.13,69.2,5.42,14.29,8.28,12.3,15.62,0
StraightTrack,Nightingale,18.14,69.1,5.42,14.33,8.28,12.31,15.62,0
ComplexTrack,Gauss,26.49,77.45,4.68,12.53,10.8,19.32,22.84,0
StraightTrack,Bayes,17.23,66.03,4.28,13.39,7.48,11.36,14.66,1
StraightTrack,Nightingale,26.66,68.83,13.84,23.01,16.72,20.75,24.11,0
OvalTrack,Gauss,29.29,71.95,5.2,25.78,10.18,20,27.23,0
ComplexTrack,Bayes,27.95,66.77,4.25,15.66,10.54,20.01,24.16,0
ComplexTrack,Bayes,28.8,65.45,4.44,16.54,11.41,20.62,25.05,0
StraightTrack,Nightingale,18.13,69.4,5.41,14.29,8.28,12.3,15.63,0
OvalTrack,Gauss,23.02,78.13,4.64,13.49,9.98,15.78,21.2,0
StraightTrack,Nightingale,18.13,69.23,5.43,14.31,8.29,12.31,15.63,0
OvalTrack,Nightingale,24.39,76.69,5.4,14.56,10.81,16.78,22.56,0
StraightTrack,Nightingale,18.16,68.89,5.4,14.43,8.27,12.29,15.61,0
ComplexTrack,Nightingale,29.18,68.68,5.44,19.44,11.87,23.27,27.23,0
OvalTrack,Gauss,27.29,75.53,7.39,14.13,12.46,17.61,24.76,1
ComplexTrack,Gauss,29.06,67.54,3.78,16.84,14.5,15.67,24.73,1
StraightTrack,Nightingale,18.09,69.37,5.42,14.3,8.21,12.22,15.55,0
OvalTrack,Gauss,28.34,75.48,4.64,12.64,9.87,15.49,24.59,1
OvalTrack,Nightingale,26.05,68.92,5.43,14.64,10.49,16.5,23.17,1
OvalTrack,Gauss,23.2,76.26,4.7,11.33,9.63,14.82,20.98,1
ComplexTrack,Bayes,27.45,66.85,4.28,15.74,10.74,19.82,23.89,0
ComplexTrack,Bayes,27.09,69.19,4.25,15.16,10.65,19.86,23.65,0
StraightTrack,Nightingale,18.12,69.23,5.43,14.3,8.27,12.3,15.63,0
OvalTrack,Nightingale,24.14,75.59,5.41,14.58,10.57,16.52,22.24,0
StraightTrack,Nightingale,18.63,68.38,6.31,15.25,8.51,12.72,16.09,0
ComplexTrack,Nightingale,30.13,71.46,5.46,15.87,12.28,22.26,26.55,0
ComplexTrack,Bayes,30.52,66.26,4.25,15.46,10.81,20.03,24.06,1
StraightTrack,Gauss,18.05,75.52,3.89,15.41,7.1,11.69,15.59,1
ComplexTrack,Gauss,27.62,72.46,4.64,13.09,10.69,19.15,23.15,0
ComplexTrack,Bayes,28.25,65.93,4.26,15.43,10.97,20.41,24.4,0
StraightTrack,Gauss,20.98,69.78,5.53,18.81,8.76,14.5,18.38,0
OvalTrack,Nightingale,25.62,76.28,6.84,15.89,8.3,12.33,15.65,1
ComplexTrack,Gauss,27.27,75.81,4.81,12.89,10.8,19.09,23.75,0
StraightTrack,Nightingale,18.13,69.2,5.42,14.29,8.28,12.31,15.63,0
ComplexTrack,Gauss,28.88,70.79,4.66,22.65,10.94,21.4,25.42,0
OvalTrack,Nightingale,27.13,67.56,6.22,15.33,11.39,17.33,24.68,1
ComplexTrack,Nightingale,28.34,70.85,5.56,17.9,9.88,18.73,22.55,0
OvalTrack,Gauss,26.24,67.46,4.66,15.6,10.67,16.85,23.89,1
OvalTrack,Bayes,23.93,70.19,4.26,13.61,10.09,15.99,21.93,0
OvalTrack,Nightingale,24.31,71.63,5.46,14.61,10.59,16.48,22.27,0
ComplexTrack,Nightingale,30.06,67.2,5.5,16.2,11.67,20.8,26.13,0
OvalTrack,Bayes,22.92,69.81,4.25,13.54,9.51,15.15,20.89,0
ComplexTrack,Nightingale,30.4,69.58,5.46,24.81,11.54,22.27,26.44,0
StraightTrack,Gauss,23.99,75.73,11.9,18.65,14.82,18.6,21.67,0
ComplexTrack,Gauss,27.28,75.83,4.76,12.46,10.96,19.6,23.93,0
ComplexTrack,Gauss,26.67,74.33,4.68,12.4,10.56,19.02,23.24,0
OvalTrack,Gauss,22.2,76.84,4.64,12.08,9.67,15.03,20.28,0
OvalTrack,Nightingale,23.89,74.51,5.6,14.66,6.98,10.26,13,1
OvalTrack,Bayes,22.68,69.59,4.25,13.55,9.45,15.13,20.66,0
OvalTrack,Nightingale,23.77,75.65,5.41,14.63,10.5,16.35,21.89,0
OvalTrack,Gauss,23.94,77.75,4.66,11.37,9.58,14.8,21.2,1
ComplexTrack,Bayes,27.66,66.32,4.26,16.47,10.56,20.12,23.84,0
StraightTrack,Nightingale,18.12,69.13,5.43,14.3,8.29,12.3,15.62,0
ComplexTrack,Nightingale,27.6,73.21,5.44,15.5,11.55,20.21,23.79,0
OvalTrack,Nightingale,23.98,76.24,5.4,14.56,10.61,16.48,22.1,0
StraightTrack,Gauss,17.92,78.01,6.05,12.63,8.97,12.67,15.67,0
OvalTrack,Bayes,22.92,69.7,4.25,13.59,9.63,15.48,21.21,0
ComplexTrack,Bayes,27.95,65.83,4.28,17.55,10.91,20.15,24.35,0
OvalTrack,Nightingale,23.76,75.74,5.44,14.51,10.41,16.12,21.85,0
ComplexTrack,Bayes,27.58,66.99,4.28,15.38,10.68,19.59,23.24,0
ComplexTrack,Nightingale,27.14,75.41,5.45,15.8,11.62,20.42,24.01,0
OvalTrack,Nightingale,24.35,76.57,5.4,14.53,10.93,16.95,22.48,0
ComplexTrack,Nightingale,27.88,72.9,5.46,16.18,11.7,22.49,26.36,0
ComplexTrack,Gauss,30.8,66.74,3.76,23.82,8.76,13.41,18.18,1
ComplexTrack,Gauss,29.59,72.34,4.99,10.55,10.56,20.76,24.53,0
StraightTrack,Bayes,17.23,66.18,4.29,13.41,7.49,11.33,14.68,1
ComplexTrack,Gauss,29.33,77.25,4.69,12.21,10.92,19.02,24.25,1
StraightTrack,Gauss,18.89,72.22,4.84,14.9,8.43,12.9,16.31,0
ComplexTrack,Bayes,26.55,67.71,4.27,15.42,10.55,19.45,23.07,0
ComplexTrack,Bayes,27.66,66.88,4.28,15.03,10.5,19.46,23.16,0
ComplexTrack,Bayes,29.98,66.45,4.26,15.04,10.69,19.82,23.72,0
OvalTrack,Nightingale,24.01,75.96,5.42,14.5,10.62,16.56,22.15,0
ComplexTrack,Bayes,28.28,66.06,4.3,18.79,10.67,20.45,24.32,0
ComplexTrack,Nightingale,27.83,75.7,5.44,15.95,11.68,21.03,24.67,0
OvalTrack,Bayes,25.69,65.7,4.24,13.75,9.66,15.52,22.76,1
ComplexTrack,Bayes,27.2,68.12,4.24,15.43,10.53,20.13,24.82,0
StraightTrack,Bayes,17.54,65.02,4.26,14.21,7.48,11.39,14.84,1
OvalTrack,Gauss,23.69,78.4,4.65,11.4,9.63,14.88,21.09,1
OvalTrack,Nightingale,29.59,65.72,5.4,20.13,14.4,15.31,16.48,1
StraightTrack,Bayes,17.52,65.72,4.31,14.16,7.5,11.53,14.92,1
OvalTrack,Bayes,23.68,70.09,4.25,13.62,9.83,15.67,21.67,0
ComplexTrack,Bayes,28.43,69.07,4.26,15.67,11.36,20.88,24.95,0
OvalTrack,Bayes,23,69.51,4.26,13.63,9.63,15.48,21.21,0
OvalTrack,Gauss,27.05,77.17,4.69,11.38,9.61,14.98,23.12,1
ComplexTrack,Bayes,27.21,68.4,4.25,15.03,10.73,19.69,23.69,0
ComplexTrack,Nightingale,27.36,72.4,5.43,15.95,11.62,20.36,23.98,0
ComplexTrack,Nightingale,27.28,72.63,5.43,15.8,11.9,20.49,23.95,0
StraightTrack,Gauss,19.04,78.15,7.17,13.75,10.13,13.83,16.81,0
OvalTrack,Gauss,21.75,78.09,4.64,11.33,9.61,14.78,19.9,0
ComplexTrack,Nightingale,30.58,66.44,5.45,21.23,11.99,22.36,26.45,0
OvalTrack,Bayes,23.93,70.15,4.27,13.65,9.88,15.86,21.9,0
OvalTrack,Gauss,22.79,78.18,4.63,11.41,9.81,15.01,20.74,1
ComplexTrack,Gauss,27.85,72.96,4.65,12.09,11.06,19.6,23.77,0
ComplexTrack,Gauss,28.15,75.15,4.73,14.69,11.26,20.37,24.55,0
ComplexTrack,Bayes,27.61,67.76,4.24,15.06,10.86,20.08,23.89,0
StraightTrack,Gauss,19.12,67.83,4.67,16.66,7.75,12.56,16.38,1
ComplexTrack,Gauss,26.61,77.61,4.65,12.02,10.8,19.36,23.28,0
StraightTrack,Nightingale,18.58,69.03,5.98,14.84,8.68,12.74,16.06,0
OvalTrack,Gauss,25.44,75.59,3.78,13.12,6.98,10.24,12.91,1
StraightTrack,Nightingale,18.1,69.16,5.42,14.31,8.27,12.3,15.62,0
OvalTrack,Bayes,22.93,69.74,4.27,13.58,9.45,15.23,20.89,0
StraightTrack,Bayes,17.24,66.32,4.29,13.4,7.48,11.34,14.67,1
OvalTrack,Nightingale,23.55,74.89,5.44,14.57,10.47,16.24,21.64,0
OvalTrack,Gauss,27.76,75.73,6.84,13.61,11.9,17.13,25.17,1
ComplexTrack,Gauss,27.93,71.87,4.65,13.57,11.01,19.54,23.85,0
OvalTrack,Nightingale,25.71,67.22,5.48,15.23,10.5,16.43,23.39,1
ComplexTrack,Gauss,30.74,70.68,5.3,22,12.13,23.07,27.07,0
StraightTrack,Nightingale,18.74,65.83,5.6,15.56,8.52,12.76,16.17,0
OvalTrack,Nightingale,25,68.98,5.8,16.34,10.72,16.87,22.95,0
ComplexTrack,Gauss,27.67,72.55,4.68,16.39,10.82,20.47,24.22,0
OvalTrack,Bayes,23.46,69.89,4.24,13.66,9.71,15.66,21.44,0
OvalTrack,Gauss,22.98,77.54,4.63,11.4,9.96,15.36,20.82,0
OvalTrack,Bayes,23.72,65.87,4.27,13.82,9.48,15.2,21.06,1
ComplexTrack,Gauss,27.13,77.47,4.66,12.74,11.16,20.11,23.74,0
StraightTrack,Gauss,18.23,72.01,3.78,8.7,6.99,10.28,13.56,1
StraightTrack,Bayes,17.28,66.15,4.25,13.54,7.45,11.37,14.69,1
ComplexTrack,Nightingale,28.32,70.54,5.49,15.91,11.73,20.83,24.43,0
ComplexTrack,Nightingale,27.07,72.71,5.44,16.71,11.44,20.23,23.84,0
StraightTrack,Gauss,18.61,68.81,5.08,11.68,7.94,11.66,14.68,1
StraightTrack,Bayes,17.22,66.22,4.26,13.37,7.46,11.34,14.65,1
ComplexTrack,Nightingale,26.92,71.94,5.43,15.72,11.36,20,23.57,0
StraightTrack,Bayes,17.31,66.32,4.35,13.48,7.56,11.41,14.73,1
ComplexTrack,Bayes,27.92,66.55,4.26,15.68,10.92,20.14,24.28,0
ComplexTrack,Gauss,29.45,75.81,4.66,11.98,11.01,19.83,25.2,0
ComplexTrack,Gauss,29.33,64.88,3.74,16.54,10.16,19.94,23.94,0
ComplexTrack,Gauss,27.52,75.04,3.74,13.8,9.59,18.48,22.2,0
OvalTrack,Bayes,27.66,66.35,6.34,15.84,11.49,17.77,24.46,1
OvalTrack,Bayes,22.88,69.65,4.28,13.63,9.4,15.11,20.82,0
ComplexTrack,Nightingale,27.87,73.95,5.49,17.45,11.49,20.89,24.63,0
ComplexTrack,Bayes,27.18,66.51,4.27,15.21,10.4,19.62,23.62,0
OvalTrack,Gauss,25.18,69.7,3.76,17.4,9.2,15.93,22.89,1
OvalTrack,Bayes,23.57,70,4.29,13.63,9.7,15.69,21.55,0
StraightTrack,Gauss,17.5,78.38,5.59,12.12,8.63,12.28,15.27,0
StraightTrack,Nightingale,18.11,69.35,5.47,14.31,8.26,12.3,15.61,0
ComplexTrack,Nightingale,27.7,74.98,5.55,16.82,11.55,21,24.43,0
ComplexTrack,Gauss,30.63,67.51,4.66,19.27,10.96,21.12,25.07,0
OvalTrack,Gauss,22.32,75.6,3.76,8.86,9,14.56,20.05,1
StraightTrack,Gauss,20.78,72.91,4.64,11.2,7.72,11.38,14.36,1
ComplexTrack,Nightingale,28.2,70.6,5.45,16.01,10.72,20.67,24.31,0
ComplexTrack,Nightingale,28.16,71.42,5.45,16.12,11.86,20.92,24.5,0
OvalTrack,Nightingale,27.36,69.41,6.7,15.76,11.54,17.47,24.41,1
StraightTrack,Nightingale,19.23,69,6.54,15.39,9.39,13.41,16.7,0
ComplexTrack,Nightingale,29.2,68.29,5.46,19.58,10.45,18.9,22.17,1
OvalTrack,Nightingale,24.61,69.91,5.49,14.68,10.45,16.38,22.51,0
ComplexTrack,Nightingale,27.85,70.45,5.49,16.12,11.43,20.4,24.41,0
ComplexTrack,Gauss,27.33,78.43,4.69,11.81,11.11,19.94,24.09,0
ComplexTrack,Nightingale,28.02,71.92,5.46,15.78,11.55,20.41,24.59,0
OvalTrack,Gauss,29.03,69.71,3.75,27.17,9.48,17.81,26.65,1
StraightTrack,Bayes,17.33,66.13,4.28,13.65,7.45,11.41,14.73,1
ComplexTrack,Gauss,27.24,76.68,4.67,11.94,10.81,19.75,23.9,0
ComplexTrack,Nightingale,27.86,72.87,5.54,16.14,11.48,20.59,24.21,0
OvalTrack,Gauss,22.78,75.06,5.39,13.74,8.46,14.16,20.59,1
StraightTrack,Bayes,17.24,66.12,4.26,13.38,7.46,11.35,14.65,1
OvalTrack,Bayes,24.89,67.41,4.25,18.56,9.41,16.41,22.73,1
StraightTrack,Nightingale,18.11,69.23,5.42,14.29,8.28,12.3,15.63,0
ComplexTrack,Bayes,28.61,68.2,4.24,15.61,10.96,20.63,24.91,0
ComplexTrack,Nightingale,30.94,66.77,5.47,21.57,11.68,22.48,26.71,0
StraightTrack,Nightingale,18.33,69.43,5.64,14.51,8.5,12.51,15.83,0
OvalTrack,Bayes,23.6,65.62,4.25,13.61,9.45,15.13,21.28,1
StraightTrack,Bayes,17.69,66.07,4.73,13.87,7.95,11.8,15.11,0
ComplexTrack,Bayes,26.65,68.54,4.26,15.18,10.47,19.35,23.11,0
StraightTrack,Nightingale,18.08,69.34,5.44,14.29,8.28,12.28,15.61,0
OvalTrack,Bayes,22.98,68.63,4.26,13.57,9.66,15.35,21.15,0
ComplexTrack,Nightingale,28.2,73.73,5.44,16.01,11.72,20.99,24.7,0
ComplexTrack,Gauss,27.93,70.71,4.65,12.44,10.6,19.4,23.97,0
ComplexTrack,Nightingale,27.98,74.65,5.45,15.79,9.78,18.02,20.18,1
OvalTrack,Gauss,24.69,76.41,4.63,11.35,9.82,15.2,22.35,1
OvalTrack,Nightingale,23.46,75.69,5.41,14.46,10.4,16.15,21.56,0
StraightTrack,Nightingale,18.12,69.4,5.42,14.3,8.27,12.3,15.62,0
OvalTrack,Nightingale,27.81,68.67,5.45,14.65,10.63,16.58,24.73,1
StraightTrack,Nightingale,18.82,69.01,6.4,15.21,8.86,12.93,16.31,0
ComplexTrack,Bayes,27.69,67.8,4.25,15.82,11.05,20.29,24.2,0
OvalTrack,Gauss,27.87,74.13,4.65,11.39,9.69,14.86,25.21,1
ComplexTrack,Gauss,30.49,67.15,4.68,19.62,10.99,21.83,26.37,0
ComplexTrack,Bayes,28.3,65.46,4.25,15.6,10.7,20.07,24.36,0
OvalTrack,Gauss,25.88,68.76,4.66,15.25,9.54,15.68,23.33,1
ComplexTrack,Nightingale,27.63,76.03,5.47,15.82,11.68,20.73,24.45,0
ComplexTrack,Bayes,27.8,66.89,4.24,15.37,10.75,19.98,23.88,0
ComplexTrack,Bayes,27.59,66.98,4.27,15.3,10.83,19.94,23.88,0
OvalTrack,Bayes,25.43,67.03,4.24,13.67,6.96,10.26,12.93,1
OvalTrack,Nightingale,23.5,75.37,5.44,14.59,10.34,16.07,21.61,0
StraightTrack,Gauss,17.39,72.76,4.91,13.65,7.86,11.6,14.94,0
OvalTrack,Bayes,24.53,69.11,4.26,13.63,9.85,15.78,22.11,1
StraightTrack,Nightingale,18.11,69.37,5.41,14.28,8.26,12.29,15.61,0
OvalTrack,Bayes,23.81,65.49,4.24,13.84,9.64,15.41,21.61,1
OvalTrack,Nightingale,24.05,76,5.42,14.45,14.85,16.18,22.14,0
ComplexTrack,Gauss,27.86,76.88,4.68,16.2,12.23,21.14,24.73,0
OvalTrack,Gauss,23.88,78.04,4.65,11.36,9.52,14.66,21.02,1
StraightTrack,Bayes,17.22,66.09,4.25,13.51,7.45,11.32,14.65,1
OvalTrack,Nightingale,28.3,67.36,5.5,16.17,6.98,10.23,13.12,1
StraightTrack,Gauss,17.26,77.99,5.32,11.87,8.37,12.04,15.02,0
OvalTrack,Gauss,28.61,77.38,4.63,11.39,9.88,15.04,25.18,1
ComplexTrack,Nightingale,31.13,66.25,5.46,19.83,12.23,22.47,26.89,0
OvalTrack,Nightingale,23.47,75.64,5.4,14.48,10.59,16.25,21.57,0
OvalTrack,Gauss,23.47,76.32,4.64,11.41,9.74,14.99,21.27,1
StraightTrack,Nightingale,18.58,69.25,5.89,14.75,8.74,12.76,16.05,0
ComplexTrack,Nightingale,27.2,73.75,5.45,15.58,11.51,20.27,23.97,0
StraightTrack,Nightingale,18.11,68.99,5.4,14.3,8.27,12.29,15.61,0
ComplexTrack,Nightingale,26.98,72.5,5.44,15.82,11.34,20.1,23.6,0
StraightTrack,Nightingale,18.52,69.39,5.84,14.78,8.71,12.73,16.07,0
StraightTrack,Nightingale,18.16,68.97,5.44,14.32,8.31,12.33,15.62,0
StraightTrack,Bayes,17.22,66.3,4.25,13.4,7.48,11.34,14.65,1
OvalTrack,Bayes,23.84,70.17,4.25,13.62,10.2,16.31,22.09,0
StraightTrack,Gauss,25.84,78.27,13.89,20.46,16.96,20.64,23.61,0
StraightTrack,Gauss,17.45,73.45,4.66,12.56,7.95,11.85,15.01,0
StraightTrack,Nightingale,18.24,67.24,5.45,14.34,8.3,12.32,15.64,0
StraightTrack,Bayes,17.78,66.26,4.91,14.08,8.08,11.98,15.25,0
StraightTrack,Gauss,25.08,77.91,13.33,19.88,16.09,19.82,22.84,0
StraightTrack,Nightingale,18.11,69.3,5.4,14.28,8.24,12.27,15.61,0
ComplexTrack,Bayes,27.4,67.96,4.26,14.98,10.97,19.99,23.73,0
OvalTrack,Gauss,24.88,73.62,3.73,8.76,8.25,12.28,15.6,1
StraightTrack,Nightingale,18.1,69.23,5.42,14.32,8.23,12.3,15.62,0
ComplexTrack,Nightingale,30.02,66.01,5.58,20.19,11.85,21.44,25.86,0
ComplexTrack,Gauss,26.52,77.07,4.68,12.49,10.59,18.95,23,0
ComplexTrack,Gauss,29.95,65.88,3.76,9.54,10.53,21.56,26.31,0
OvalTrack,Gauss,23.5,70.48,4.66,11.38,9.58,14.81,21.26,1
ComplexTrack,Nightingale,27.37,74.12,5.49,15.66,11.47,20.4,23.95,0
OvalTrack,Bayes,23.46,66.13,4.23,13.77,9.63,15.48,21.21,1
StraightTrack,Gauss,17.62,77.39,5.62,12.74,8.61,12.34,15.33,0
OvalTrack,Nightingale,27.18,66.69,5.47,22.18,7.01,10.3,13,1
StraightTrack,Bayes,17.29,66.13,4.31,13.5,8.45,12.47,15.78,0
StraightTrack,Nightingale,18.56,67.36,5.42,15.86,8.33,12.45,15.95,0
ComplexTrack,Bayes,27.73,67.41,4.25,15.25,10.71,19.96,23.91,0
StraightTrack,Gauss,18.3,71.04,4.68,13.74,7.78,12.03,15.31,1
StraightTrack,Nightingale,18.19,69.3,5.51,14.46,8.34,12.35,15.71,0
StraightTrack,Gauss,18.12,77.46,6.54,13.13,8.96,12.81,15.86,0
ComplexTrack,Gauss,30.74,72.64,4.75,11.66,10.95,21.06,24.61,0
OvalTrack,Bayes,23.51,67.93,4.33,13.72,9.58,15.35,21.11,1
OvalTrack,Gauss,26.59,72.64,3.77,15.92,8.81,13.3,16.75,1
ComplexTrack,Nightingale,30.37,67.09,5.44,15.73,11.8,20.74,26.09,0
ComplexTrack,Bayes,28.38,66.54,4.48,17.27,7.37,10.64,13.26,1
ComplexTrack,Gauss,27.17,78.42,4.67,12.06,10.64,18.75,22.09,0
StraightTrack,Bayes,18.42,66.32,5.44,14.57,8.66,12.54,15.84,0
StraightTrack,Bayes,17.23,66.1,4.28,13.63,9.35,11.3,14.64,1
ComplexTrack,Bayes,28.15,67.24,4.25,17.65,10.95,20.4,24.35,0
StraightTrack,Nightingale,18.11,69.4,5.41,14.29,8.27,12.29,15.61,0
ComplexTrack,Gauss,26.89,71.38,4.74,12.38,10.73,19.42,23.41,0
ComplexTrack,Bayes,26.95,67.16,4.26,15.26,10.5,19.59,23.38,0
ComplexTrack,Nightingale,27.19,75.41,5.46,15.54,11.5,20.28,23.99,0
OvalTrack,Nightingale,24.08,75.43,5.46,14.56,7.13,10.42,13.06,1
OvalTrack,Gauss,23.85,74.91,4.7,11.46,9.71,15.04,21.71,1
StraightTrack,Gauss,19.35,78.47,7.4,13.98,10.48,14.15,17.13,0
OvalTrack,Gauss,27.27,72.26,3.8,8.82,14.64,16.02,24.77,1
StraightTrack,Bayes,17.22,65.84,4.26,13.4,7.45,11.3,14.63,1
StraightTrack,Bayes,20.09,66.29,7.14,16.25,10.32,14.2,17.51,0
OvalTrack,Bayes,23.74,69.53,4.34,13.74,9.7,15.58,21.71,1
StraightTrack,Nightingale,20.39,66.59,6.21,15.26,8.43,12.75,16.2,1
StraightTrack,Bayes,17.53,65.21,4.63,13.7,7.06,10.32,13,1
StraightTrack,Nightingale,18.11,69.23,5.41,14.29,8.28,12.29,15.61,0
StraightTrack,Bayes,17.22,65.27,4.28,13.39,7.45,11.31,14.63,1
OvalTrack,Gauss,25.32,76.5,3.8,8.73,9.03,14.21,22.7,1
ComplexTrack,Gauss,28.84,69.15,3.84,9.14,10.03,15.53,22.25,1
OvalTrack,Nightingale,24.28,75.8,5.7,14.86,10.76,16.69,22.38,0
ComplexTrack,Bayes,28.21,67.95,4.25,15.98,10.99,20.35,24.52,0
OvalTrack,Gauss,24.49,78.12,5.09,11.83,10.29,15.71,22.33,1
StraightTrack,Nightingale,18.14,69.37,5.44,14.32,8.3,12.32,15.64,0
OvalTrack,Bayes,24.45,69.35,4.28,15.35,9.86,16.09,22.44,1
OvalTrack,Nightingale,24.56,76.73,5.5,14.54,10.78,16.72,22.63,0
ComplexTrack,Nightingale,27.32,76.4,5.41,15.53,11.65,20.56,24.21,0
OvalTrack,Bayes,23.93,68.83,4.28,13.62,9.78,15.71,21.76,1
OvalTrack,Bayes,23.77,69.89,4.25,13.62,9.83,15.76,21.76,0
StraightTrack,Nightingale,18.12,69.4,5.41,14.3,8.28,12.3,15.62,0
StraightTrack,Bayes,17.39,65.78,4.27,13.88,7.49,11.47,14.81,1
OvalTrack,Nightingale,24.54,72.6,5.44,14.56,10.73,16.62,22.31,0
OvalTrack,Bayes,25.06,65.21,4.99,14.5,10.36,16.17,22.73,1
ComplexTrack,Bayes,28.54,68.66,4.26,15.46,11.13,20.54,24.33,0
OvalTrack,Nightingale,23.93,76.11,5.41,14.56,10.59,16.41,22.06,0
StraightTrack,Nightingale,17.93,69.1,5.45,14.46,8.23,12.21,15.44,0
OvalTrack,Gauss,29.01,72.87,4.67,11.44,9.8,15.06,25.94,1
StraightTrack,Bayes,20.88,66.31,7.91,17.03,11.12,14.99,18.29,0
ComplexTrack,Bayes,27.93,66.54,4.24,15.57,10.53,19.99,23.72,0
ComplexTrack,Gauss,29.31,67.3,4.69,12.66,10.93,20.35,24.9,0
StraightTrack,Bayes,17.23,66.09,4.27,13.41,7.46,11.36,14.64,1
ComplexTrack,Nightingale,27.96,73.32,5.41,16.68,11.91,21.43,25.77,0
OvalTrack,Nightingale,23.71,75.13,5.43,14.52,10.35,16.16,21.74,0
StraightTrack,Bayes,17.23,66.12,4.27,13.4,7.49,11.35,14.66,1
ComplexTrack,Nightingale,28.6,74.37,5.44,15.96,11.98,21.38,25.08,0
ComplexTrack,Bayes,26.99,68.21,4.28,15.04,10.59,19.62,23.5,0
StraightTrack,Bayes,17.36,65.84,4.25,13.82,7.45,11.31,14.76,1
OvalTrack,Nightingale,26.63,69.48,6.62,15.73,12.06,17.84,24.31,0
StraightTrack,Nightingale,18.14,69.42,5.49,14.35,8.27,12.32,15.61,0
ComplexTrack,Nightingale,30.8,67.07,5.52,21.41,11.78,22.37,26.4,0
ComplexTrack,Bayes,27.36,68.44,4.28,15.62,10.89,20.07,23.85,0
ComplexTrack,Nightingale,28.51,73.4,5.42,16.53,11.97,21.32,25.11,0
ComplexTrack,Gauss,30.93,65.79,4.66,21.59,10.82,21.75,25.92,0
OvalTrack,Bayes,23.8,68.75,4.26,13.91,9.98,15.81,21.71,0
OvalTrack,Bayes,24.57,69.85,5.01,14.4,10.55,16.5,22.6,0
OvalTrack,Bayes,23.7,70.04,4.27,13.66,9.79,15.82,21.67,0
ComplexTrack,Gauss,28.25,77.3,4.66,16.11,11.83,20.91,24.27,0
StraightTrack,Nightingale,18.12,69.2,5.42,14.3,8.27,12.3,15.62,0
OvalTrack,Bayes,23.01,69.71,4.28,13.66,9.46,15.25,21.05,0
StraightTrack,Gauss,26.28,72.42,3.76,10.43,15.32,16.64,18.24,1
ComplexTrack,Nightingale,27.9,70.86,5.48,15.91,11.44,20.46,24.3,0
ComplexTrack,Gauss,29.1,70.33,4.69,16.97,11.05,20.82,24.97,0
StraightTrack,Nightingale,18.12,69.4,5.41,14.29,8.26,12.29,15.62,0
StraightTrack,Gauss,18.15,78.32,6.28,12.83,9.2,12.83,15.91,0
OvalTrack,Nightingale,25.77,75.93,5.41,16.38,11.62,17.69,23.86,0
OvalTrack,Bayes,23.18,69.78,4.25,13.7,9.52,15.33,21.1,0
ComplexTrack,Nightingale,29.04,67.85,5.43,16.5,11.88,21.22,25.29,0
OvalTrack,Nightingale,26.39,73.53,5.91,15.05,11.18,17.12,22.94,1
StraightTrack,Gauss,17.22,75.53,4.66,13.02,7.73,11.67,14.88,0
ComplexTrack,Gauss,26.74,74.22,4.69,12.02,10.42,18.7,22.7,0
OvalTrack,Nightingale,24.25,75.91,5.41,14.5,10.68,16.67,22.35,0
ComplexTrack,Bayes,28.34,66.02,4.26,15.67,10.58,20.2,24.53,0
OvalTrack,Nightingale,28.08,70,7.9,22.97,13.22,19.7,26.03,0
ComplexTrack,Bayes,28.5,65.18,4.31,17.15,10.52,20.31,24.63,0
StraightTrack,Gauss,20.19,76.67,8.44,15.53,10.78,14.79,17.91,0
ComplexTrack,Nightingale,27.2,75.23,5.45,16.01,11.62,20.44,24.03,0
ComplexTrack,Gauss,28.31,78.04,3.73,9.03,10.16,19.94,23.94,0
StraightTrack,Bayes,17.24,65.08,4.24,13.64,7.44,11.36,14.68,1
OvalTrack,Bayes,23.8,70.24,4.25,13.54,9.73,15.65,21.79,1
OvalTrack,Nightingale,24,75.92,5.38,14.48,10.58,16.62,22.13,0
StraightTrack,Bayes,17.24,65.4,4.24,13.41,7.44,11.31,14.63,1
StraightTrack,Nightingale,18.13,69.4,5.41,14.29,8.29,12.31,15.62,0
ComplexTrack,Gauss,28.69,73.54,4.64,14.71,10.86,19.76,23.73,0
ComplexTrack,Nightingale,27.48,72.71,5.42,15.69,11.47,20.34,23.85,0
StraightTrack,Gauss,24.57,78.24,5.07,18.04,16.13,19.49,22.33,0
StraightTrack,Bayes,17.29,66.12,4.34,13.45,7.53,11.41,14.72,1
OvalTrack,Gauss,27.69,77.19,4.67,11.44,9.75,15.17,24.61,1
ComplexTrack,Bayes,28.45,66.96,4.29,15.51,10.87,20.49,24.75,0
StraightTrack,Nightingale,18.87,66.71,5.42,16.5,8.27,12.65,16.24,0
ComplexTrack,Nightingale,29.63,69.48,5.63,18.92,7.45,11.37,14.69,1
OvalTrack,Gauss,21.88,75.77,4.63,11.43,9.68,14.78,19.96,0
OvalTrack,Bayes,23.21,69.74,4.26,13.68,19.53,20.68,21.19,0
OvalTrack,Gauss,25.92,78.17,3.81,8.81,14.39,15.97,24,1
ComplexTrack,Nightingale,27.3,73.32,5.44,15.7,11.42,20.24,23.89,0
OvalTrack,Bayes,24.33,69.31,4.44,13.76,10.29,15.94,22.3,1
ComplexTrack,Gauss,28.94,69.72,4.66,16.73,10.75,20.68,24.92,0
OvalTrack,Gauss,22.75,78.44,4.67,11.39,9.69,14.98,20.63,1
StraightTrack,Gauss,17.82,72.8,4.72,14.45,7.76,11.91,15.34,0
OvalTrack,Nightingale,26.28,69.18,5.44,14.85,10.61,16.66,23.73,1
StraightTrack,Nightingale,18.22,69.1,5.45,14.51,8.27,12.38,15.71,0
StraightTrack,Nightingale,18.12,69.06,5.42,14.29,8.27,12.3,15.61,0
OvalTrack,Bayes,23.1,69.76,4.22,13.54,9.44,15.4,21.05,0
StraightTrack,Bayes,19,66.03,6.12,15.23,9.23,13.1,16.43,0
ComplexTrack,Bayes,27.67,68.41,4.26,14.76,10.96,20.12,23.99,0
StraightTrack,Gauss,17.89,75.78,5.61,13.55,8.25,12.36,15.56,0
StraightTrack,Nightingale,18.11,69.4,5.41,14.28,8.26,12.29,15.61,0
ComplexTrack,Nightingale,27,77.09,5.45,15.56,11.46,20.17,23.88,0
ComplexTrack,Gauss,28.84,75.66,4.66,15.35,11.98,21.26,25.33,0
OvalTrack,Gauss,24.02,68.58,4.64,11.32,9.83,15.14,21.49,1
ComplexTrack,Nightingale,29.75,64.83,5.4,22.66,11.63,21.48,25.65,0
StraightTrack,Bayes,17.25,65.8,4.27,13.41,7.46,11.31,14.63,1
OvalTrack,Bayes,27.64,66.59,4.27,22.19,9.94,18.8,25.46,0
ComplexTrack,Nightingale,28.25,73.77,5.44,15.79,11.74,21.01,24.93,0
ComplexTrack,Bayes,27.84,66.15,4.24,15.89,10.58,19.89,23.74,0
ComplexTrack,Nightingale,29.24,66.37,5.5,16.67,11.55,20.76,25.2,0
OvalTrack,Nightingale,24.18,73.95,5.44,14.53,7.04,10.35,12.98,1
